name	taxonomy_id	taxonomy_lvl	ERR14218664.bracken.out_num	ERR14218664.bracken.out_frac	ERR14218891.bracken.out_num	ERR14218891.bracken.out_frac	ERR14219004.bracken.out_num	ERR14219004.bracken.out_frac
Bacteroides uniformis	820	S	2194397	0.12562	836719	0.06504	1042390	0.05732
Bacteroides cellulosilyticus	246787	S	1267122	0.07254	7691	0.00060	1160	0.00006
Bacteroides thetaiotaomicron	818	S	804218	0.04604	107035	0.00832	84363	0.00464
Bacteroides fragilis	817	S	966899	0.05535	26394	0.00205	61658	0.00339
Bacteroides sp. HF-162	2785531	S	139747	0.00800	47959	0.00373	15986	0.00088
Bacteroides sp. CACC 737	2755405	S	54078	0.00310	18796	0.00146	6577	0.00036
Bacteroides sp. A1C1	2528203	S	25849	0.00148	30050	0.00234	113448	0.00624
Bacteroides sp. DH3716P	2847299	S	2548	0.00015	1974	0.00015	14154	0.00078
Bacteroides sp. PHL 2737	2162637	S	56424	0.00323	0	0.00000	0	0.00000
Bacteroides sp. BFG-257	2972761	S	11584	0.00066	0	0.00000	0	0.00000
Bacteroides sp. CG01	3096000	S	152	0.00001	288	0.00002	298	0.00002
Bacteroides sp. M10	2763022	S	80	0.00000	4260	0.00033	16858	0.00093
Bacteroides sp. D2	556259	S	107	0.00001	3418	0.00027	20016	0.00110
Bacteroides sp. KFT8	2025659	S	64	0.00000	4001	0.00031	5494	0.00030
Bacteroides sp. KG123	3369153	S	2968	0.00017	0	0.00000	0	0.00000
Bacteroides xylanisolvens	371601	S	233252	0.01335	170768	0.01327	170035	0.00935
Bacteroides maternus	3117552	S	46509	0.00266	505	0.00004	802	0.00004
Bacteroides eggerthii	28111	S	18585	0.00106	63393	0.00493	58753	0.00323
Bacteroides hominis	2763023	S	117332	0.00672	64392	0.00501	242214	0.01332
Bacteroides intestinalis	329854	S	10012	0.00057	457	0.00004	549	0.00003
Bacteroides stercoris	46506	S	9727	0.00056	39063	0.00304	5280403	0.29036
Bacteroides faecis	674529	S	5010	0.00029	6066	0.00047	218084	0.01199
Bacteroides zhangwenhongii	2650157	S	8998	0.00052	3863	0.00030	5377	0.00030
Bacteroides humanifaecis	2792859	S	23142	0.00132	10575	0.00082	9753	0.00054
Bacteroides salyersiae	291644	S	2549	0.00015	6024	0.00047	7607	0.00042
Bacteroides caecimuris	1796613	S	2981	0.00017	4632	0.00036	3162	0.00017
Bacteroides ovatus	28116	S	8574	0.00049	63725	0.00495	650009	0.03574
Bacteroides caccae	47678	S	1017	0.00006	20656	0.00161	270207	0.01486
Bacteroides finegoldii	338188	S	603	0.00003	1235	0.00010	3681	0.00020
Bacteroides helcogenes	290053	S	269	0.00002	1813	0.00014	1961	0.00011
Bacteroides faecium	2715212	S	245	0.00001	893	0.00007	1516	0.00008
Bacteroides difficilis	2763021	S	497	0.00003	1353	0.00011	581	0.00003
Bacteroides zoogleoformans	28119	S	115	0.00001	939	0.00007	739	0.00004
Bacteroides pyogenes	310300	S	87	0.00000	860	0.00007	332	0.00002
Bacteroides nordii	291645	S	102	0.00001	688	0.00005	2472	0.00014
Bacteroides graminisolvens	477666	S	45	0.00000	106	0.00001	202	0.00001
Bacteroides heparinolyticus	28113	S	53	0.00000	548	0.00004	1123	0.00006
Bacteroides luhongzhouii	2650158	S	41	0.00000	497	0.00004	3048	0.00017
uncultured Bacteroides sp.	162156	S	12	0.00000	153	0.00001	158	0.00001
Phocaeicola vulgatus	821	S	1715876	0.09822	1975207	0.15354	7639315	0.42008
Phocaeicola dorei	357276	S	42039	0.00241	914258	0.07107	766727	0.04216
Phocaeicola salanitronis	376805	S	671	0.00004	5744	0.00045	1136	0.00006
Phocaeicola coprophilus	387090	S	749	0.00004	1780533	0.13841	3554	0.00020
Parabacteroides distasonis	823	S	2702442	0.15470	502032	0.03903	155505	0.00855
Parabacteroides goldsteinii	328812	S	3125	0.00018	614	0.00005	2004	0.00011
Parabacteroides absconsus	2951805	S	2156	0.00012	2896	0.00023	1961	0.00011
Parabacteroides merdae	46503	S	1482	0.00008	752499	0.05850	277527	0.01526
Parabacteroides sp. CT06	2025876	S	40529	0.00232	261177	0.02030	687	0.00004
Parabacteroides sp. ASD2025	3415987	S	136	0.00001	853	0.00007	494	0.00003
Parabacteroides johnsonii	387661	S	290	0.00002	28309	0.00220	2203	0.00012
Parabacteroides faecis	1217282	S	89	0.00001	1062	0.00008	205	0.00001
Parabacteroides chongii	2685834	S	62	0.00000	535	0.00004	417	0.00002
Tannerella serpentiformis	712710	S	26	0.00000	127	0.00001	0	0.00000
Alistipes putredinis	28117	S	954997	0.05467	161506	0.01255	157	0.00001
Alistipes onderdonkii	328813	S	383957	0.02198	17637	0.00137	109746	0.00603
Alistipes shahii	328814	S	377485	0.02161	71976	0.00560	818	0.00004
Alistipes finegoldii	214856	S	270797	0.01550	1671	0.00013	3659	0.00020
Alistipes ihumii	1470347	S	37757	0.00216	38059	0.00296	38	0.00000
Alistipes communis	2585118	S	37806	0.00216	55675	0.00433	6668	0.00037
uncultured Alistipes sp.	538949	S	4098	0.00023	34154	0.00265	589	0.00003
Alistipes senegalensis	1288121	S	2977	0.00017	14405	0.00112	2579	0.00014
Alistipes sp. i18-0019-D1	3132707	S	2561	0.00015	1499	0.00012	26	0.00000
Alistipes sp. dk3624	2662363	S	44	0.00000	166	0.00001	287	0.00002
Alistipes dispar	2585119	S	542	0.00003	97453	0.00758	11836	0.00065
Alistipes megaguti	2364787	S	314	0.00002	3481	0.00027	1490	0.00008
Alistipes indistinctus	626932	S	147	0.00001	1462	0.00011	19	0.00000
Butyricimonas faecihominis	1472416	S	170618	0.00977	57313	0.00446	33	0.00000
Butyricimonas paravirosa	1472417	S	43087	0.00247	8573	0.00067	136	0.00001
Butyricimonas virosa	544645	S	10664	0.00061	5985	0.00047	1898	0.00010
Butyricimonas faecalis	2093856	S	3689	0.00021	938	0.00007	1388	0.00008
Odoribacter splanchnicus	28118	S	1781	0.00010	95312	0.00741	18454	0.00101
Barnesiella intestinihominis	487174	S	43801	0.00251	104932	0.00816	96	0.00001
Barnesiella sp. An22	1965590	S	7559	0.00043	13315	0.00104	1041	0.00006
Barnesiella viscericola	397865	S	948	0.00005	2158	0.00017	507	0.00003
Coprobacter fastidiosus	1099853	S	23169	0.00133	16084	0.00125	236	0.00001
Coprobacter secundus	1501392	S	2445	0.00014	2436	0.00019	794	0.00004
Paraprevotella clara	454154	S	25871	0.00148	658	0.00005	63	0.00000
Paraprevotella xylaniphila	454155	S	48	0.00000	1683	0.00013	319	0.00002
Segatella copri	165179	S	814	0.00005	1018	0.00008	6008	0.00033
Segatella hominis	2518605	S	40	0.00000	220	0.00002	341	0.00002
Segatella oris	28135	S	11	0.00000	724	0.00006	107	0.00001
Prevotella intermedia	28131	S	211	0.00001	321	0.00002	472	0.00003
Prevotella corporis	28128	S	82	0.00000	0	0.00000	42	0.00000
Prevotella jejuni	1177574	S	74	0.00000	55	0.00000	12	0.00000
Prevotella sp. E9-3	2913621	S	28	0.00000	1448	0.00011	0	0.00000
Prevotella melaninogenica	28132	S	19	0.00000	238	0.00002	54	0.00000
Prevotella multiformis	282402	S	18	0.00000	95	0.00001	17	0.00000
Prevotella nigrescens	28133	S	14	0.00000	245	0.00002	24	0.00000
Muribaculum gordoncarteri	2530390	S	3930	0.00022	3013	0.00023	29	0.00000
Muribaculum intestinale	1796646	S	763	0.00004	131	0.00001	32	0.00000
Sodaliphilus pleomorphus	2606626	S	163	0.00001	146	0.00001	46	0.00000
Duncaniella dubosii	2518971	S	96	0.00001	237	0.00002	187	0.00001
Dysgonomonas sp. HDW5B	2714927	S	50	0.00000	0	0.00000	0	0.00000
Petrimonas mucosa	1642646	S	21	0.00000	32	0.00000	0	0.00000
Porphyromonas gingivalis	837	S	618	0.00004	271	0.00002	44	0.00000
Porphyromonas asaccharolytica	28123	S	11	0.00000	14	0.00000	0	0.00000
Candidatus Azobacteroides pseudotrichonymphae	511435	S	11	0.00000	0	0.00000	29	0.00000
Maribellus comscasis	2681766	S	34	0.00000	0	0.00000	0	0.00000
uncultured Draconibacterium sp.	1573823	S	17	0.00000	29	0.00000	85	0.00000
Flavobacterium haoranii	683124	S	52	0.00000	0	0.00000	0	0.00000
Capnocytophaga canimorsus	28188	S	54	0.00000	0	0.00000	0	0.00000
Polaribacter vadi	1774273	S	57	0.00000	15	0.00000	0	0.00000
Flagellimonas lutaonensis	516051	S	17	0.00000	58	0.00000	0	0.00000
Seonamhaeicola sp. ML3	2937786	S	21	0.00000	0	0.00000	0	0.00000
Chryseobacterium scophthalmum	59733	S	216	0.00001	0	0.00000	0	0.00000
Hymenobacter sedentarius	1411621	S	79	0.00000	0	0.00000	0	0.00000
Hymenobacter volaticus	2932254	S	23	0.00000	67	0.00001	0	0.00000
Hymenobacter baengnokdamensis	2615203	S	29	0.00000	92	0.00001	0	0.00000
Pontibacter actiniarum	323450	S	91	0.00001	34	0.00000	134	0.00001
Pontibacter kalidii	2592049	S	51	0.00000	17	0.00000	0	0.00000
Adhaeribacter radiodurans	2745197	S	45	0.00000	0	0.00000	0	0.00000
Flammeovirga sp. MY04	1191459	S	13	0.00000	0	0.00000	0	0.00000
Sphingobacterium spiritivorum	258	S	12	0.00000	19	0.00000	17	0.00000
Pedobacter heparinus	984	S	12	0.00000	0	0.00000	0	0.00000
Mycovorax composti	2962693	S	17	0.00000	0	0.00000	0	0.00000
Candidatus Sulfidibacterium hydrothermale	2875962	S	25	0.00000	12	0.00000	0	0.00000
Phaeodactylibacter xiamenensis	1524460	S	16	0.00000	0	0.00000	0	0.00000
Prosthecochloris sp. CIB 2401	1868325	S	14	0.00000	0	0.00000	0	0.00000
Escherichia coli	562	S	974108	0.05576	8262	0.00064	11160	0.00061
Escherichia albertii	208962	S	399	0.00002	22	0.00000	0	0.00000
Escherichia fergusonii	564	S	258	0.00001	0	0.00000	0	0.00000
Escherichia marmotae	1499973	S	137	0.00001	0	0.00000	0	0.00000
Escherichia sp. E4742	2044467	S	130	0.00001	0	0.00000	0	0.00000
Shigella flexneri	623	S	23621	0.00135	0	0.00000	0	0.00000
Shigella boydii	621	S	1719	0.00010	0	0.00000	0	0.00000
Shigella dysenteriae	622	S	493	0.00003	0	0.00000	0	0.00000
Klebsiella aerogenes	548	S	113	0.00001	0	0.00000	0	0.00000
Klebsiella pneumoniae	573	S	1338	0.00008	0	0.00000	0	0.00000
Klebsiella oxytoca	571	S	42	0.00000	73	0.00001	0	0.00000
Klebsiella michiganensis	1134687	S	58	0.00000	0	0.00000	0	0.00000
Raoultella terrigena	577	S	29	0.00000	0	0.00000	0	0.00000
Enterobacter cloacae	550	S	46	0.00000	34	0.00000	0	0.00000
Enterobacter hormaechei	158836	S	327	0.00002	284	0.00002	0	0.00000
Citrobacter werkmanii	67827	S	50	0.00000	0	0.00000	0	0.00000
Citrobacter cronae	1748967	S	115	0.00001	0	0.00000	0	0.00000
Citrobacter sp. R56	1573676	S	16	0.00000	0	0.00000	0	0.00000
Salmonella enterica	28901	S	3529	0.00020	0	0.00000	0	0.00000
Cedecea lapagei	158823	S	49	0.00000	0	0.00000	0	0.00000
Kosakonia radicincitans	283686	S	42	0.00000	0	0.00000	0	0.00000
Scandinavium goeteborgense	1851514	S	28	0.00000	0	0.00000	0	0.00000
Pantoea agglomerans	549	S	415	0.00002	0	0.00000	0	0.00000
Pantoea sp. Lij88	3028622	S	25	0.00000	18	0.00000	0	0.00000
Pantoea cypripedii	55209	S	11	0.00000	0	0.00000	0	0.00000
Erwinia amylovora	552	S	26	0.00000	0	0.00000	0	0.00000
Buchnera aphidicola	9	S	10	0.00000	0	0.00000	0	0.00000
Dickeya solani	1089444	S	18	0.00000	0	0.00000	0	0.00000
Dickeya oryzae	1240404	S	21	0.00000	0	0.00000	0	0.00000
Xenorhabdus doucetiae	351671	S	26	0.00000	0	0.00000	0	0.00000
Morganella morganii	582	S	23	0.00000	27	0.00000	0	0.00000
Edwardsiella tarda	636	S	13	0.00000	0	0.00000	0	0.00000
Pseudomonas aeruginosa	287	S	533	0.00003	92	0.00001	0	0.00000
Pseudomonas sp. Os17	1500686	S	28	0.00000	0	0.00000	0	0.00000
Pseudomonas sp. MM227	3019968	S	12	0.00000	0	0.00000	0	0.00000
Pseudomonas sp. MPB03	3388489	S	15	0.00000	0	0.00000	0	0.00000
Pseudomonas putida	303	S	42	0.00000	123	0.00001	0	0.00000
Pseudomonas fluorescens	294	S	23	0.00000	0	0.00000	0	0.00000
Halopseudomonas sp. SMJS2	3041098	S	15	0.00000	60	0.00000	0	0.00000
Metapseudomonas lalkuanensis	2604832	S	15	0.00000	0	0.00000	0	0.00000
Halomonas sp. GD1P12	2982691	S	87	0.00000	0	0.00000	0	0.00000
Halomonas sp. BM-2019	2811227	S	15	0.00000	0	0.00000	0	0.00000
Halomonas kashgarensis	3084920	S	28	0.00000	13	0.00000	19	0.00000
Marinobacterium iners	48076	S	16	0.00000	0	0.00000	0	0.00000
Aeromonas media	651	S	30	0.00000	0	0.00000	0	0.00000
Aeromonas sp. FDAARGOS 1403	2778052	S	28	0.00000	0	0.00000	0	0.00000
Acinetobacter pittii	48296	S	16	0.00000	0	0.00000	0	0.00000
Acinetobacter thermotolerans	3151487	S	18	0.00000	0	0.00000	0	0.00000
Faucicola osloensis	34062	S	43	0.00000	0	0.00000	0	0.00000
Moraxella catarrhalis	480	S	22	0.00000	0	0.00000	0	0.00000
Moraxella bovoculi	386891	S	11	0.00000	0	0.00000	0	0.00000
Psychrobacter arcticus	334543	S	16	0.00000	0	0.00000	0	0.00000
Vibrio kanaloae	170673	S	36	0.00000	0	0.00000	0	0.00000
Grimontia sp. NTOU-MAR1	3111011	S	21	0.00000	0	0.00000	0	0.00000
Candidatus Thiodictyon syntrophicum	1166950	S	92	0.00001	22	0.00000	0	0.00000
Stenotrophomonas maltophilia	40324	S	42	0.00000	72	0.00001	0	0.00000
Salinimonas sediminis	2303538	S	23	0.00000	0	0.00000	0	0.00000
Thalassomonas viridans	137584	S	17	0.00000	16	0.00000	0	0.00000
Microbulbifer sp. SAOS-129_SWC	3145235	S	15	0.00000	0	0.00000	0	0.00000
Microbulbifer thermotolerans	252514	S	10	0.00000	28	0.00000	0	0.00000
Saccharophagus degradans	86304	S	16	0.00000	0	0.00000	0	0.00000
Teredinibacter turnerae	2426	S	12	0.00000	0	0.00000	0	0.00000
Frederiksenia canicola	123824	S	16	0.00000	0	0.00000	0	0.00000
Sinimarinibacterium sp. NLF-5-8	2698684	S	14	0.00000	0	0.00000	0	0.00000
Turicimonas muris	1796652	S	1286	0.00007	40	0.00000	26	0.00000
Duodenibacillus massiliensis	1852381	S	99	0.00001	780	0.00006	810	0.00004
Sutterella wadsworthensis	40545	S	24	0.00000	862	0.00007	673	0.00004
Paraburkholderia bonniea	2152891	S	66	0.00000	0	0.00000	0	0.00000
Polynucleobacter wuianus	1743168	S	25	0.00000	0	0.00000	0	0.00000
Polynucleobacter sp. MWH-UH35A	1855619	S	18	0.00000	0	0.00000	0	0.00000
Ralstonia mannitolilytica	105219	S	52	0.00000	0	0.00000	0	0.00000
Ralstonia pickettii	329	S	47	0.00000	100	0.00001	0	0.00000
Cupriavidus sp. EM10	2839983	S	47	0.00000	0	0.00000	0	0.00000
Limnobacter sp.	2003368	S	23	0.00000	0	0.00000	0	0.00000
Pandoraea thiooxydans	445709	S	18	0.00000	0	0.00000	43	0.00000
Comamonas thiooxydans	363952	S	92	0.00001	0	0.00000	0	0.00000
Hydrogenophaga taeniospiralis	65656	S	94	0.00001	0	0.00000	0	0.00000
Alicycliphilus denitrificans	179636	S	122	0.00001	0	0.00000	0	0.00000
Rugamonas sp. DEMB1	3039386	S	103	0.00001	0	0.00000	0	0.00000
Duganella sp. P38	3423949	S	78	0.00000	71	0.00001	0	0.00000
Massilia sp. WG5	1707785	S	34	0.00000	0	0.00000	0	0.00000
Massilia sp. PAMC28688	2861283	S	17	0.00000	0	0.00000	0	0.00000
Achromobacter spanius	217203	S	52	0.00000	0	0.00000	0	0.00000
Pusillimonas sp. T7-7	1007105	S	17	0.00000	19	0.00000	0	0.00000
Roseateles sp. So40a	3400226	S	116	0.00001	78	0.00001	0	0.00000
Vitreoscilla filiformis	63	S	174	0.00001	0	0.00000	0	0.00000
Vogesella sp. LIG4	1192162	S	32	0.00000	32	0.00000	0	0.00000
Silvimonas soli	2980100	S	22	0.00000	40	0.00000	117	0.00001
Deefgea tanakiae	2865840	S	16	0.00000	0	0.00000	0	0.00000
Candidatus Nitrotoga arctica	453162	S	41	0.00000	0	0.00000	0	0.00000
Methylophilus sp. TWE2	1662285	S	19	0.00000	27	0.00000	32	0.00000
Sulfuricystis multivorans	2211108	S	45	0.00000	0	0.00000	0	0.00000
Rhizobium sp. 11515TR	2028343	S	81	0.00000	26	0.00000	0	0.00000
Agrobacterium larrymoorei	160699	S	67	0.00000	20	0.00000	0	0.00000
Shinella zoogloeoides	352475	S	112	0.00001	0	0.00000	0	0.00000
Ciceribacter thiooxidans	1969821	S	28	0.00000	0	0.00000	0	0.00000
Bradyrhizobium sp. WD16	1521768	S	41	0.00000	0	0.00000	0	0.00000
Bradyrhizobium cosmicum	1404864	S	41	0.00000	0	0.00000	0	0.00000
Mesorhizobium sp. M1D.F.Ca.ET.043.01.1.1	2493669	S	89	0.00001	0	0.00000	0	0.00000
Mesorhizobium sp. NBSH29	2654249	S	18	0.00000	0	0.00000	0	0.00000
Roseibium aggregatum	187304	S	44	0.00000	0	0.00000	0	0.00000
Labrenzia sp. THAF35	2587854	S	72	0.00000	0	0.00000	0	0.00000
Devosia sp.	1871048	S	18	0.00000	0	0.00000	0	0.00000
uncultured Pleomorphomonas sp.	442121	S	21	0.00000	0	0.00000	0	0.00000
Paracoccus zhejiangensis	1077935	S	31	0.00000	95	0.00001	0	0.00000
Cognatishimia activa	1715691	S	24	0.00000	0	0.00000	0	0.00000
Limimaricola sp. AA108-03	3425945	S	21	0.00000	0	0.00000	0	0.00000
Gluconobacter roseus	586239	S	55	0.00000	0	0.00000	0	0.00000
Gluconobacter sphaericus	574987	S	40	0.00000	0	0.00000	0	0.00000
Asaia bogorensis	91915	S	47	0.00000	15	0.00000	19	0.00000
Acetobacter persici	1076596	S	12	0.00000	0	0.00000	0	0.00000
Lichenicoccus sp.	2781899	S	14	0.00000	0	0.00000	0	0.00000
Novosphingobium sp.	1874826	S	51	0.00000	28	0.00000	0	0.00000
Hyphococcus formosus	3143534	S	11	0.00000	0	0.00000	0	0.00000
Bilophila wadsworthia	35833	S	134748	0.00771	7249	0.00056	18173	0.00100
Desulfovibrio piger	901	S	1411	0.00008	528	0.00004	132	0.00001
Desulfovibrio aminophilus	81425	S	41	0.00000	37	0.00000	0	0.00000
Maridesulfovibrio sp. FT414	2979469	S	21	0.00000	21	0.00000	0	0.00000
Maridesulfovibrio sp.	2795000	S	22	0.00000	33	0.00000	17	0.00000
Desulfolutivibrio sulfodismutans	63561	S	19	0.00000	0	0.00000	0	0.00000
uncultured Mailhella sp.	1981031	S	16	0.00000	91	0.00001	53	0.00000
Halodesulfovibrio aestuarii	126333	S	14	0.00000	12	0.00000	12	0.00000
Solidesulfovibrio magneticus	184917	S	11	0.00000	0	0.00000	0	0.00000
Oceanidesulfovibrio marinus	370038	S	11	0.00000	19	0.00000	0	0.00000
Thermodesulfomicrobium sp. WS	3004129	S	10	0.00000	0	0.00000	0	0.00000
Syntrophotalea carbinolica	19	S	21	0.00000	0	0.00000	0	0.00000
Geoalkalibacter subterraneus	483547	S	16	0.00000	0	0.00000	0	0.00000
Geobacter sulfurreducens	35554	S	16	0.00000	0	0.00000	0	0.00000
Desulfofustis limnaeus	2740163	S	40	0.00000	0	0.00000	0	0.00000
Desulfolithobacter dissulfuricans	2795293	S	10	0.00000	0	0.00000	0	0.00000
Desulfosarcina alkanivorans	571177	S	21	0.00000	88	0.00001	0	0.00000
Syntrophobacter fumaroxidans	119484	S	17	0.00000	67	0.00001	0	0.00000
Campylobacter curvus	200	S	419	0.00002	0	0.00000	0	0.00000
Campylobacter concisus	199	S	23	0.00000	185	0.00001	141	0.00001
Campylobacter jejuni	197	S	36	0.00000	160	0.00001	0	0.00000
Campylobacter coli	195	S	14	0.00000	228	0.00002	0	0.00000
Sulfurovum lithotrophicum	206403	S	21	0.00000	0	0.00000	0	0.00000
Sulfurimonas sp. HSL-1656	3131934	S	15	0.00000	0	0.00000	0	0.00000
Akkermansia muciniphila	239935	S	128	0.00001	1126398	0.08756	93	0.00001
Actomonas aquatica	2866162	S	38	0.00000	27	0.00000	0	0.00000
Lacunisphaera limnophila	1838286	S	21	0.00000	0	0.00000	0	0.00000
Botrimarina mediterranea	2528022	S	31	0.00000	36	0.00000	99	0.00001
Stieleria bergensis	2528025	S	10	0.00000	0	0.00000	0	0.00000
Calycomorphotria hydatis	2528027	S	15	0.00000	0	0.00000	0	0.00000
Treponema primitia	88058	S	27	0.00000	0	0.00000	0	0.00000
Treponema sp. OMZ 857	1643513	S	43	0.00000	0	0.00000	0	0.00000
Treponema denticola	158	S	59	0.00000	29	0.00000	0	0.00000
Treponema peruense	2787628	S	12	0.00000	19	0.00000	0	0.00000
Salinispira pacifica	1307761	S	26	0.00000	0	0.00000	0	0.00000
Myxococcus sp. SDU36	2831967	S	16	0.00000	0	0.00000	0	0.00000
Tunturiibacter lichenicola	2051959	S	13	0.00000	0	0.00000	0	0.00000
Edaphobacter sp. 4G125	2763071	S	10	0.00000	0	0.00000	0	0.00000
Bdellovibrio bacteriovorus	959	S	14	0.00000	13	0.00000	11	0.00000
Faecalibacterium prausnitzii	853	S	610321	0.03494	357990	0.02783	102578	0.00564
Faecalibacterium duncaniae	411483	S	479673	0.02746	124243	0.00966	6088	0.00033
Faecalibacterium sp. I2-3-92	2929490	S	104511	0.00598	62377	0.00485	2718	0.00015
Faecalibacterium sp. IP-3-29	2929489	S	72990	0.00418	42258	0.00328	3161	0.00017
Faecalibacterium sp. i21-0019-B1	3141184	S	44063	0.00252	18782	0.00146	1874	0.00010
Faecalibacterium sp. I4-1-79	2929494	S	13408	0.00077	16067	0.00125	1173	0.00006
Faecalibacterium sp. i25-0019-C1	3141185	S	47225	0.00270	14139	0.00110	2506	0.00014
Faecalibacterium sp. I4-3-84	2929495	S	16758	0.00096	12219	0.00095	1868	0.00010
Faecalibacterium sp. I3-3-89	2929493	S	3328	0.00019	420486	0.03269	942	0.00005
Faecalibacterium sp. I3-3-33	2929492	S	4218	0.00024	5682	0.00044	1000	0.00005
Faecalibacterium sp. 7	3402017	S	9244	0.00053	11606	0.00090	712	0.00004
Faecalibacterium sp. IP-1-18	2929488	S	22222	0.00127	34317	0.00267	2591	0.00014
Faecalibacterium hominis (ex Afrizal et al. 2022)	2881265	S	76412	0.00437	51227	0.00398	1952	0.00011
Faecalibacterium taiwanense	3030638	S	78486	0.00449	38970	0.00303	5487	0.00030
Faecalibacterium wellingii	2929491	S	7384	0.00042	7491	0.00058	2060	0.00011
Vescimonas coprocola	2714355	S	132910	0.00761	19108	0.00149	230	0.00001
Vescimonas fastidiosa	2714353	S	6140	0.00035	27080	0.00211	161	0.00001
Flavonifractor plautii	292800	S	97873	0.00560	37604	0.00292	44088	0.00242
Ruthenibacterium lactatiformans	1550024	S	79822	0.00457	27970	0.00217	3870	0.00021
Lawsonibacter asaccharolyticus	2108523	S	48942	0.00280	11156	0.00087	7543	0.00041
Dysosmobacter welbionis	2093857	S	78718	0.00451	38513	0.00299	1651	0.00009
Oscillibacter sp. PEA192	2109687	S	36139	0.00207	57067	0.00444	3939	0.00022
Oscillibacter hominis	2763056	S	6467	0.00037	3703	0.00029	68	0.00000
Pusillibacter faecalis	2714358	S	9633	0.00055	5429	0.00042	1789	0.00010
Subdoligranulum variabile	214851	S	3659	0.00021	6550	0.00051	1014	0.00006
uncultured Subdoligranulum sp.	512298	S	1406	0.00008	7292	0.00057	598	0.00003
Pseudoflavonifractor gallinarum	2779352	S	5048	0.00029	4165	0.00032	1048	0.00006
Owariibacterium komagatae	3136601	S	5245	0.00030	14423	0.00112	431	0.00002
Anaerotruncus colihominis	169435	S	4286	0.00025	3407	0.00026	8942	0.00049
Ruminococcus sp. SR1/5	657323	S	4677	0.00027	35733	0.00278	3284	0.00018
Ruminococcus sp. JE7B6	3233380	S	208	0.00001	542	0.00004	92	0.00001
Ruminococcus sp. JL13D9	3233381	S	40	0.00000	652	0.00005	142	0.00001
Ruminococcus champanellensis	1161942	S	452	0.00003	426	0.00003	23	0.00000
Ruminococcus callidus	40519	S	170	0.00001	984	0.00008	39	0.00000
Ruminococcus gauvreauii	438033	S	136	0.00001	127	0.00001	20	0.00000
Ruminococcus bicirculans (ex Wegman et al. 2014)	1160721	S	43	0.00000	2394	0.00019	24	0.00000
Ruminococcus bovis	2564099	S	33	0.00000	68	0.00001	0	0.00000
Ruminococcus albus	1264	S	28	0.00000	59	0.00000	0	0.00000
Solibaculum mannosilyticum	2780922	S	776	0.00004	2449	0.00019	39	0.00000
Mageeibacillus indolicus	884684	S	220	0.00001	199	0.00002	26	0.00000
Ethanoligenens harbinense	253239	S	81	0.00000	60	0.00000	0	0.00000
Amygdalobacter indicium	3029272	S	78	0.00000	68	0.00001	12	0.00000
Bengtsoniella intestinalis	3073143	S	19	0.00000	60	0.00000	0	0.00000
Thermocaproicibacter melissae	2966552	S	15	0.00000	50	0.00000	0	0.00000
Paludihabitans sp. MB14-C6	3070656	S	12	0.00000	17	0.00000	0	0.00000
Thermoclostridium stercorarium	1510	S	12	0.00000	18	0.00000	0	0.00000
Eubacterium ramulus	39490	S	18948	0.00108	7980	0.00062	5340	0.00029
Eubacterium ventriosum	39496	S	3260	0.00019	586	0.00005	80	0.00000
Eubacterium callanderi	53442	S	294	0.00002	596	0.00005	153	0.00001
Eubacterium limosum	1736	S	217	0.00001	142	0.00001	0	0.00000
Eubacterium sp. MSJ-33	2841528	S	138	0.00001	195	0.00002	21	0.00000
Eubacterium maltosivorans	2041044	S	120	0.00001	113	0.00001	23	0.00000
Eubacterium sp. F2	3381348	S	21	0.00000	53	0.00000	0	0.00000
Anaerofustis stercorihominis	214853	S	60	0.00000	40	0.00000	0	0.00000
Pseudoramibacter alactolyticus	113287	S	45	0.00000	27	0.00000	0	0.00000
Agathobaculum sp. NTUH-O15-33	3079302	S	8744	0.00050	554	0.00004	575	0.00003
Agathobaculum massiliense	3014267	S	1859	0.00011	594	0.00005	206	0.00001
Butyricicoccus porcorum	1945634	S	253	0.00001	373	0.00003	36	0.00000
Butyricicoccus sp. GAM44	2109686	S	48	0.00000	90	0.00001	10	0.00000
Intestinibacillus sp. NTUH-41-i26	3079303	S	1228	0.00007	440	0.00003	130	0.00001
Intestinimonas butyriciproducens	1297617	S	7921	0.00045	14948	0.00116	291	0.00002
Flintibacter sp. KGMB00164	2610895	S	1222	0.00007	11395	0.00089	1189	0.00007
Clostridium sp. SY8519	1042156	S	3455	0.00020	266	0.00002	628	0.00003
Clostridium sp. M62/1	411486	S	3010	0.00017	5215	0.00041	2476	0.00014
Clostridium sp. LQ25	2992805	S	415	0.00002	0	0.00000	27	0.00000
Clostridium sp. MD294	97138	S	27	0.00000	74	0.00001	13	0.00000
Clostridium sp. C1	1155388	S	115	0.00001	0	0.00000	0	0.00000
Clostridium sp. HCS.1	3238594	S	13	0.00000	17	0.00000	0	0.00000
[Clostridium] innocuum	1522	S	1602	0.00009	1764	0.00014	345	0.00002
Clostridium perfringens	1502	S	302	0.00002	598	0.00005	38	0.00000
Clostridium cadaveris	1529	S	40	0.00000	352	0.00003	16	0.00000
Clostridium kluyveri	1534	S	32	0.00000	0	0.00000	0	0.00000
Clostridium cochlearium	1494	S	26	0.00000	0	0.00000	0	0.00000
Clostridium acetobutylicum	1488	S	17	0.00000	0	0.00000	0	0.00000
Clostridium intestinale	36845	S	11	0.00000	0	0.00000	0	0.00000
Lactonifactor longoviformis	341220	S	166	0.00001	247	0.00002	11	0.00000
Candidatus Sarcina troglodytae	2726954	S	26	0.00000	0	0.00000	0	0.00000
Proteiniclasticum sp. QWL-01	3036945	S	11	0.00000	25	0.00000	0	0.00000
Acutalibacter muris	1796620	S	232	0.00001	412	0.00003	84	0.00000
Caproicibacter fermentans	2576756	S	110	0.00001	97	0.00001	0	0.00000
Caproiciproducens sp. CPB-2	3030017	S	45	0.00000	54	0.00000	0	0.00000
uncultured Caproiciproducens sp.	1738647	S	39	0.00000	47	0.00000	0	0.00000
Candidatus Formimonas warabiya	1761012	S	185	0.00001	0	0.00000	13	0.00000
Desulforamulus ferrireducens	1833852	S	14	0.00000	0	0.00000	0	0.00000
Thermanaerosceptrum fracticalcis	1712410	S	16	0.00000	0	0.00000	0	0.00000
Desulfotomaculum nigrificans	1565	S	43	0.00000	17	0.00000	0	0.00000
Aristaeella hokkaidonensis	3046382	S	20	0.00000	95	0.00001	0	0.00000
Aristaeella lactis	3046383	S	16	0.00000	100	0.00001	0	0.00000
Heliomicrobium modesticaldum	35701	S	13	0.00000	0	0.00000	0	0.00000
Simiaoa sunii	2763672	S	124519	0.00713	78095	0.00607	1139	0.00006
Roseburia intestinalis	166486	S	53221	0.00305	22954	0.00178	112741	0.00620
Roseburia hominis	301301	S	12296	0.00070	16609	0.00129	1860	0.00010
Roseburia faecis	301302	S	10080	0.00058	34609	0.00269	1658	0.00009
Roseburia sp. 831b	1261635	S	1307	0.00007	1250	0.00010	286	0.00002
Roseburia sp. 499	1261634	S	318	0.00002	535	0.00004	89	0.00000
Roseburia rectibacter	2763062	S	1861	0.00011	1934	0.00015	1516	0.00008
[Clostridium] symbiosum	1512	S	54761	0.00313	121	0.00001	1297	0.00007
Agathobacter rectalis	39491	S	66249	0.00379	56991	0.00443	30267	0.00166
Dorea longicatena	88431	S	41832	0.00239	79620	0.00619	3373	0.00019
Dorea formicigenerans	39486	S	18607	0.00107	14281	0.00111	2966	0.00016
Mediterraneibacter gnavus	33038	S	24112	0.00138	25603	0.00199	25744	0.00142
[Ruminococcus] torques	33039	S	16947	0.00097	137644	0.01070	10166	0.00056
[Ruminococcus] lactaris	46228	S	4376	0.00025	61970	0.00482	179	0.00001
Mediterraneibacter glycyrrhizinilyticus	342942	S	2216	0.00013	1669	0.00013	892	0.00005
Enterocloster bolteae	208479	S	11846	0.00068	1748	0.00014	1062	0.00006
Enterocloster asparagiformis	333367	S	8830	0.00051	1945	0.00015	158	0.00001
Enterocloster lavalensis	460384	S	5756	0.00033	830	0.00006	50	0.00000
Enterocloster clostridioformis	1531	S	2975	0.00017	1897	0.00015	142	0.00001
Coprococcus comes	410072	S	49314	0.00282	75917	0.00590	403	0.00002
Coprococcus catus	116085	S	12822	0.00073	20008	0.00156	669	0.00004
Coprococcus eutactus	33043	S	1015	0.00006	2399	0.00019	112	0.00001
Coprococcus sp. ART55/1	751585	S	413	0.00002	15773	0.00123	113	0.00001
Blautia wexlerae	418240	S	16049	0.00092	142678	0.01109	53717	0.00295
Blautia obeum	40520	S	8730	0.00050	42934	0.00334	5104	0.00028
Blautia producta	33035	S	1031	0.00006	844	0.00007	184	0.00001
Blautia hansenii	1322	S	1247	0.00007	846	0.00007	71	0.00000
Blautia luti	89014	S	1014	0.00006	25630	0.00199	1507	0.00008
Blautia liquoris	2779518	S	513	0.00003	423	0.00003	54	0.00000
Blautia sp. SC05B48	2479767	S	1108	0.00006	8021	0.00062	1039	0.00006
Blautia hydrogenotrophica	53443	S	298	0.00002	2061	0.00016	867	0.00005
Blautia argi	1912897	S	245	0.00001	152	0.00001	105	0.00001
Blautia parvula	2877527	S	174	0.00001	138	0.00001	229	0.00001
Blautia pseudococcoides	1796616	S	131	0.00001	117	0.00001	68	0.00000
Blautia massiliensis (ex Durand et al. 2017)	1737424	S	162793	0.00932	144266	0.01121	0	0.00000
Hungatella sp. SB206	2937758	S	11850	0.00068	370	0.00003	1836	0.00010
Hungatella hathewayi	154046	S	1166	0.00007	2062	0.00016	802	0.00004
Sellimonas catena	2994035	S	5144	0.00029	2115	0.00016	668	0.00004
Sellimonas intestinalis	1653434	S	416	0.00002	351	0.00003	64	0.00000
Sellimonas caecigallum	2592333	S	94	0.00001	287	0.00002	23	0.00000
[Clostridium] scindens	29347	S	3722	0.00021	4751	0.00037	230	0.00001
[Clostridium] hylemonae	89153	S	381	0.00002	371	0.00003	25	0.00000
Lachnoclostridium phytofermentans	66219	S	85	0.00000	42	0.00000	0	0.00000
Eshraghiella crossota	45851	S	2531	0.00014	1283	0.00010	400	0.00002
Lachnospira eligens	39485	S	2302	0.00013	4696	0.00037	1000	0.00005
Anaerostipes hadrus	649756	S	1960	0.00011	6249	0.00049	2670	0.00015
Anaerostipes rhamnosivorans	1229621	S	72	0.00000	69	0.00001	0	0.00000
Anaerostipes caccae	105841	S	78	0.00000	119	0.00001	25	0.00000
Anaerostipes sp. PC18	3036926	S	67	0.00000	69	0.00001	0	0.00000
Eisenbergiella porci	2652274	S	1949	0.00011	1982	0.00015	202	0.00001
Anaerobutyricum hallii	39488	S	1478	0.00008	14644	0.00114	2657	0.00015
Chordicoccus furentiruminis	2709410	S	1186	0.00007	261	0.00002	0	0.00000
Lacrimispora sp. HJ-01	3375704	S	468	0.00003	122	0.00001	30	0.00000
Lacrimispora sp. BS-2	3151850	S	44	0.00000	23	0.00000	0	0.00000
Lacrimispora saccharolytica	84030	S	375	0.00002	486	0.00004	47	0.00000
Lacrimispora xylanisolvens	384636	S	103	0.00001	98	0.00001	26	0.00000
Lacrimispora xylanolytica	29375	S	97	0.00001	69	0.00001	14	0.00000
Lacrimispora sinapis	3111456	S	98	0.00001	82	0.00001	12	0.00000
Lacrimispora sphenoides	29370	S	20	0.00000	28	0.00000	0	0.00000
Butyrivibrio fibrisolvens	831	S	252	0.00001	152	0.00001	42	0.00000
Butyrivibrio sp. JL13D10	3236815	S	96	0.00001	83	0.00001	17	0.00000
Butyrivibrio hungatei	185008	S	85	0.00000	42	0.00000	13	0.00000
Butyrivibrio proteoclasticus	43305	S	64	0.00000	72	0.00001	13	0.00000
Claveliimonas bilis	3028070	S	437	0.00003	1852	0.00014	96	0.00001
Anaerocolumna sp. AGMB13020	3081750	S	85	0.00000	65	0.00001	0	0.00000
Anaerocolumna sp. MB42-C2	3070997	S	53	0.00000	79	0.00001	0	0.00000
Anaerocolumna sp. AGMB13025	3039116	S	40	0.00000	12	0.00000	0	0.00000
Anaerocolumna sedimenticola	2696063	S	50	0.00000	30	0.00000	0	0.00000
Anaerocolumna chitinilytica	1727145	S	30	0.00000	41	0.00000	19	0.00000
Anaerocolumna cellulosilytica	433286	S	13	0.00000	29	0.00000	16	0.00000
Marvinbryantia formatexigens	168384	S	284	0.00002	197	0.00002	53	0.00000
Faecalimonas umbilicata	1912855	S	334	0.00002	224	0.00002	51	0.00000
Kineothrix sedimenti	3123317	S	143	0.00001	111	0.00001	14	0.00000
Kineothrix sp. MB12-C1	3070215	S	100	0.00001	34	0.00000	11	0.00000
Wansuia hejianensis	2763667	S	245	0.00001	788	0.00006	31	0.00000
Wujia chipingensis	2763670	S	261	0.00001	267	0.00002	31	0.00000
Pseudobutyrivibrio xylanivorans	185007	S	176	0.00001	72	0.00001	22	0.00000
Qiania dongpingensis	2763669	S	108	0.00001	270	0.00002	46	0.00000
Hominifimenecus sp. rT4P-3	3242979	S	96	0.00001	101	0.00001	34	0.00000
Lachnoanaerobaculum gingivalis	2490855	S	79	0.00000	118	0.00001	17	0.00000
Novisyntrophococcus fermenticellae	2068655	S	76	0.00000	117	0.00001	24	0.00000
Herbinix luporum	1679721	S	58	0.00000	30	0.00000	0	0.00000
Stomatobaculum sp. F0698	3059030	S	44	0.00000	237	0.00002	38	0.00000
Chakrabartyella piscis	2918914	S	29	0.00000	113	0.00001	0	0.00000
Anaeropeptidivorans aminofermentans	2934315	S	22	0.00000	13	0.00000	0	0.00000
Cellulosilyticum sp. WCF-2	2497860	S	341	0.00002	0	0.00000	0	0.00000
Vallitalea pronyensis	1348613	S	28	0.00000	55	0.00000	12	0.00000
Vallitalea guaymasensis	1185412	S	13	0.00000	0	0.00000	0	0.00000
Anaerotignum sp. MB30-C6	3070814	S	20	0.00000	85	0.00001	20	0.00000
Clostridioides difficile	1496	S	1809	0.00010	4659	0.00036	1645	0.00009
Intestinibacter bartlettii	261299	S	55	0.00000	26	0.00000	0	0.00000
Peptostreptococcus anaerobius	1261	S	25	0.00000	16	0.00000	0	0.00000
Paraclostridium dentum	2662455	S	22	0.00000	0	0.00000	0	0.00000
Ihubacter sp. rT4E-8	3242369	S	115	0.00001	75	0.00001	0	0.00000
Emergencia sp. JLR.KK010	3114296	S	74	0.00000	68	0.00001	25	0.00000
Anoxybacterium hadale	3408580	S	12	0.00000	12	0.00000	0	0.00000
Alkaliphilus metalliredigens	208226	S	16	0.00000	0	0.00000	0	0.00000
Filifactor alocis	143361	S	13	0.00000	27	0.00000	0	0.00000
Christensenella minuta	626937	S	306	0.00002	104	0.00001	0	0.00000
Christensenella massiliensis	1805714	S	230	0.00001	690	0.00005	78	0.00000
Christensenella sp. MSJ-20	2841518	S	28	0.00000	3189	0.00025	0	0.00000
Monoglobus pectinilyticus	1981510	S	98	0.00001	39	0.00000	0	0.00000
Aceticella autotrophica	2755338	S	24	0.00000	23	0.00000	0	0.00000
Neomoorella thermoacetica	1525	S	15	0.00000	0	0.00000	0	0.00000
Phascolarctobacterium faecium	33025	S	314656	0.01801	274	0.00002	46375	0.00255
Phascolarctobacterium sp. Marseille-Q4147	2823317	S	291	0.00002	7068	0.00055	0	0.00000
Phascolarctobacterium succinatutens	626940	S	30	0.00000	131761	0.01024	21	0.00000
Acidaminococcus intestini	187327	S	15	0.00000	636	0.00005	9710	0.00053
Selenomonas sputigena	69823	S	3774	0.00022	41	0.00000	12	0.00000
Selenomonas sp. oral taxon 126	712528	S	37	0.00000	49	0.00000	0	0.00000
Selenomonas sp. oral taxon 920	1884263	S	36	0.00000	0	0.00000	0	0.00000
Selenomonas timonae	2754044	S	13	0.00000	0	0.00000	0	0.00000
Megamonas hypermegale	158847	S	34	0.00000	73	0.00001	0	0.00000
uncultured Sporomusa sp.	307249	S	47	0.00000	0	0.00000	0	0.00000
Sporomusa aerivorans	204936	S	11	0.00000	0	0.00000	0	0.00000
Pelosinus fermentans	365349	S	44	0.00000	0	0.00000	0	0.00000
Dialister pneumosintes	39950	S	130	0.00001	114	0.00001	0	0.00000
Dialister sp.	1955814	S	227	0.00001	12	0.00000	0	0.00000
Dialister succinatiphilus	487173	S	180	0.00001	115	0.00001	0	0.00000
Veillonella parvula	29466	S	265	0.00002	545	0.00004	7778	0.00043
Megasphaera stantonii	2144175	S	47	0.00000	38	0.00000	0	0.00000
Megasphaera sp.	2023260	S	20	0.00000	49	0.00000	0	0.00000
Megasphaera elsdenii	907	S	15	0.00000	292	0.00002	0	0.00000
Holdemania massiliensis	1468449	S	45158	0.00259	2976	0.00023	648	0.00004
[Eubacterium] hominis	2764325	S	695	0.00004	462	0.00004	72	0.00000
Longicatena caecimuris	1796635	S	522	0.00003	387	0.00003	38	0.00000
Amedibacterium intestinale	2583452	S	223	0.00001	49	0.00000	21	0.00000
Allobaculum mucilyticum	2834459	S	27	0.00000	13	0.00000	0	0.00000
Allobaculum sp. Allo2	2853432	S	14	0.00000	0	0.00000	0	0.00000
Faecalibaculum rodentium	1702221	S	36	0.00000	35	0.00000	0	0.00000
Solobacterium moorei	102148	S	36	0.00000	30	0.00000	13	0.00000
Intestinibaculum porci	2487118	S	17	0.00000	18	0.00000	0	0.00000
Bulleidia sp. zg-1006	2806552	S	12	0.00000	14	0.00000	0	0.00000
Massilimicrobiota timonensis	1776392	S	122	0.00001	0	0.00000	0	0.00000
Faecalibacillus intestinalis	1982626	S	2836	0.00016	1354	0.00011	381	0.00002
Thomasclavelia ramosa	1547	S	961	0.00006	230	0.00002	313	0.00002
Erysipelatoclostridium sp. An173	1965571	S	103	0.00001	0	0.00000	0	0.00000
Thomasclavelia spiroformis	29348	S	50	0.00000	167	0.00001	11	0.00000
Catenibacterium sp. co_0103	2478954	S	321	0.00002	52	0.00000	0	0.00000
Catenibacterium mitsuokai	100886	S	204	0.00001	14	0.00000	61	0.00000
Tannockella kyphosi	2899121	S	32	0.00000	20	0.00000	0	0.00000
Turicibacter bilis	2735723	S	534	0.00003	0	0.00000	0	0.00000
Turicibacter sp. H121	1712675	S	406	0.00002	0	0.00000	0	0.00000
Streptococcus thermophilus	1308	S	10873	0.00062	32	0.00000	787	0.00004
Streptococcus agalactiae	1311	S	5769	0.00033	511	0.00004	323	0.00002
Streptococcus sp. HSISS2	1316411	S	181	0.00001	0	0.00000	261	0.00001
Streptococcus sp. HSISS3	1316412	S	108	0.00001	0	0.00000	200	0.00001
Streptococcus sp. LPB0220	2610896	S	49	0.00000	589	0.00005	3295	0.00018
Streptococcus pneumoniae	1313	S	206	0.00001	511	0.00004	70	0.00000
Streptococcus salivarius	1304	S	194	0.00001	3241	0.00025	51308	0.00282
Streptococcus parasanguinis	1318	S	124	0.00001	4088	0.00032	22281	0.00123
Streptococcus vestibularis	1343	S	78	0.00000	34	0.00000	136	0.00001
Streptococcus suis	1307	S	88	0.00001	399	0.00003	31	0.00000
Streptococcus sanguinis	1305	S	46	0.00000	138	0.00001	335	0.00002
Streptococcus gallolyticus	315405	S	70	0.00000	66	0.00001	0	0.00000
Streptococcus sobrinus	1310	S	30	0.00000	0	0.00000	0	0.00000
Streptococcus pasteurianus	197614	S	117	0.00001	644	0.00005	0	0.00000
Streptococcus gordonii	1302	S	30	0.00000	95	0.00001	4000	0.00022
Streptococcus lingualis	3098076	S	34	0.00000	563	0.00004	3265	0.00018
Streptococcus lutetiensis	150055	S	31	0.00000	0	0.00000	0	0.00000
Streptococcus equinus	1335	S	16	0.00000	15	0.00000	0	0.00000
Streptococcus parasuis	1501662	S	15	0.00000	18	0.00000	33	0.00000
Streptococcus lactarius	684066	S	14	0.00000	70	0.00001	423	0.00002
Streptococcus pluranimalium	82348	S	12	0.00000	0	0.00000	0	0.00000
Streptococcus mutans	1309	S	13	0.00000	35	0.00000	145	0.00001
Lactococcus lactis	1358	S	115	0.00001	172	0.00001	74	0.00000
Limosilactobacillus oris	1632	S	173	0.00001	0	0.00000	0	0.00000
Limosilactobacillus fermentum	1613	S	113	0.00001	517	0.00004	57	0.00000
Limosilactobacillus reuteri	1598	S	58	0.00000	14	0.00000	0	0.00000
Ligilactobacillus ruminis	1623	S	63	0.00000	86	0.00001	0	0.00000
Ligilactobacillus murinus	1622	S	36	0.00000	0	0.00000	0	0.00000
Lacticaseibacillus paracasei	1597	S	75	0.00000	0	0.00000	0	0.00000
Lacticaseibacillus rhamnosus	47715	S	30	0.00000	0	0.00000	23	0.00000
Secundilactobacillus paracollinoides	240427	S	54	0.00000	12	0.00000	0	0.00000
Lactobacillus delbrueckii	1584	S	19	0.00000	27	0.00000	25	0.00000
Oenococcus kitaharae	336988	S	12	0.00000	0	0.00000	0	0.00000
Levilactobacillus suantsaii	2292255	S	13	0.00000	0	0.00000	0	0.00000
Enterococcus faecium	1352	S	1151	0.00007	12697	0.00099	100	0.00001
Enterococcus casseliflavus	37734	S	53	0.00000	0	0.00000	0	0.00000
Enterococcus cecorum	44008	S	25	0.00000	21	0.00000	0	0.00000
Granulicatella adiacens	46124	S	26	0.00000	140	0.00001	197	0.00001
Jeotgalibaca arthritidis	1868794	S	33	0.00000	0	0.00000	0	0.00000
Paenibacillus sp. FSL K6-2441	2954679	S	43	0.00000	0	0.00000	0	0.00000
Paenibacillus sp. FSL R7-0272	2921679	S	29	0.00000	0	0.00000	0	0.00000
Paenibacillus sp. FSL H8-0280	2921382	S	170	0.00001	0	0.00000	0	0.00000
Paenibacillus sp. CAA11	1532905	S	29	0.00000	0	0.00000	0	0.00000
Paenibacillus sp. MBLB4367	3384767	S	28	0.00000	0	0.00000	0	0.00000
Paenibacillus physcomitrellae	1619311	S	65	0.00000	0	0.00000	0	0.00000
Paenibacillus tritici	1873425	S	39	0.00000	42	0.00000	0	0.00000
Paenibacillus terrae	159743	S	65	0.00000	0	0.00000	0	0.00000
Paenibacillus glycanilyticus	126569	S	38	0.00000	0	0.00000	0	0.00000
Paenibacillus algicola	2565926	S	17	0.00000	0	0.00000	0	0.00000
Paenibacillus borealis	160799	S	23	0.00000	0	0.00000	0	0.00000
Paenibacillus andongensis	2975482	S	16	0.00000	0	0.00000	0	0.00000
Bacillus atrophaeus	1452	S	71	0.00000	72	0.00001	0	0.00000
Niallia sp. Krafla_26	3064703	S	59	0.00000	18	0.00000	0	0.00000
Niallia circulans	1397	S	34	0.00000	45	0.00000	0	0.00000
Peribacillus sp. B-H-3	3400420	S	71	0.00000	20	0.00000	0	0.00000
Metabacillus dongyingensis	2874282	S	111	0.00001	0	0.00000	0	0.00000
Halobacillus mangrovi	402384	S	14	0.00000	0	0.00000	0	0.00000
Virgibacillus sp. MSP4-1	2700081	S	26	0.00000	0	0.00000	0	0.00000
Psychrobacillus sp. FSL W7-1457	2954547	S	27	0.00000	0	0.00000	0	0.00000
Siminovitchia fortis	254758	S	18	0.00000	0	0.00000	0	0.00000
Staphylococcus pseudintermedius	283734	S	72	0.00000	0	0.00000	0	0.00000
Staphylococcus epidermidis	1282	S	37	0.00000	28	0.00000	0	0.00000
Nosocomiicoccus massiliensis	1232430	S	60	0.00000	53	0.00000	0	0.00000
Ureibacillus thermophilus	367743	S	27	0.00000	0	0.00000	0	0.00000
Anoxybacillus flavithermus	33934	S	99	0.00001	0	0.00000	0	0.00000
Tumebacillus avium	1903704	S	20	0.00000	16	0.00000	0	0.00000
Fodinisporobacter ferrooxydans	2901836	S	16	0.00000	18	0.00000	0	0.00000
Listeria weihenstephanensis	1006155	S	37	0.00000	0	0.00000	0	0.00000
Polycladomyces abyssicola	1125966	S	23	0.00000	22	0.00000	0	0.00000
Murdochiella vaginalis	1852373	S	227	0.00001	58	0.00000	0	0.00000
Parvimonas micra	33033	S	21	0.00000	70	0.00001	0	0.00000
Tissierella sp. Yu-01	3035694	S	38	0.00000	0	0.00000	0	0.00000
Carboxydichorda subterranea	3109565	S	11	0.00000	0	0.00000	0	0.00000
Ndongobacter massiliensis	1871025	S	13	0.00000	46	0.00000	0	0.00000
Collinsella aerofaciens	74426	S	28206	0.00161	71172	0.00553	745	0.00004
Collinsella sp. i05-0019-G5	3132705	S	3120	0.00018	9906	0.00077	137	0.00001
Collinsella stercoris	147206	S	29	0.00000	127	0.00001	0	0.00000
Enorma phocaeensis	1871019	S	49	0.00000	102	0.00001	0	0.00000
Parolsenella massiliensis	1871022	S	115	0.00001	154	0.00001	0	0.00000
Parolsenella catena	2003188	S	16	0.00000	1575	0.00012	0	0.00000
Thermophilibacter mediterraneus	1871031	S	54	0.00000	1252	0.00010	0	0.00000
Fannyhessea vaginae	82135	S	45	0.00000	24	0.00000	0	0.00000
Atopobium sp. oral taxon 416	712157	S	22	0.00000	21	0.00000	0	0.00000
Parafannyhessea umbonata	604330	S	22	0.00000	102	0.00001	0	0.00000
Leptogranulimonas caecicola	2894156	S	11	0.00000	27	0.00000	0	0.00000
Eggerthella lenta	84112	S	13027	0.00075	1696	0.00013	1092	0.00006
Eggerthella guodeyinii	2690837	S	97	0.00001	49	0.00000	0	0.00000
Eggerthella sp. YY7918	502558	S	66	0.00000	81	0.00001	0	0.00000
Gordonibacter urolithinfaciens	1335613	S	123	0.00001	99	0.00001	40	0.00000
Gordonibacter pamelaeae	471189	S	50	0.00000	204	0.00002	173	0.00001
Adlercreutzia hattorii	2707299	S	78	0.00000	2236	0.00017	391	0.00002
Adlercreutzia equolifaciens	446660	S	38	0.00000	1194	0.00009	195	0.00001
Berryella intestinalis	1531429	S	87	0.00000	71	0.00001	0	0.00000
Slackia heliotrinireducens	84110	S	51	0.00000	44	0.00000	0	0.00000
Slackia exigua	84109	S	13	0.00000	34	0.00000	0	0.00000
Arabiibacter massiliensis	1870985	S	17	0.00000	42	0.00000	0	0.00000
Bifidobacterium longum	216816	S	926	0.00005	46476	0.00361	16577	0.00091
Bifidobacterium dentium	1689	S	366	0.00002	477	0.00004	37	0.00000
Bifidobacterium breve	1685	S	396	0.00002	138	0.00001	186	0.00001
Bifidobacterium catenulatum	1686	S	41	0.00000	299	0.00002	170	0.00001
Bifidobacterium thermophilum	33905	S	31	0.00000	17	0.00000	0	0.00000
Bifidobacterium scardovii	158787	S	23	0.00000	0	0.00000	0	0.00000
Bifidobacterium sp. ESL0764	2983228	S	14	0.00000	0	0.00000	0	0.00000
Bifidobacterium coryneforme	1687	S	16	0.00000	0	0.00000	0	0.00000
Bifidobacterium adolescentis	1680	S	23	0.00000	37157	0.00289	193	0.00001
Bifidobacterium asteroides	1684	S	14	0.00000	16	0.00000	0	0.00000
Bifidobacterium angulatum	1683	S	16	0.00000	75	0.00001	0	0.00000
Cutibacterium acnes	1747	S	856	0.00005	374	0.00003	97	0.00001
Propionibacterium freudenreichii	1744	S	289	0.00002	0	0.00000	0	0.00000
Nocardioides bizhenqiangii	3095076	S	28	0.00000	0	0.00000	0	0.00000
Aeromicrobium erythreum	2041	S	17	0.00000	0	0.00000	0	0.00000
Arthrobacter sp. NEB 688	904039	S	62	0.00000	0	0.00000	0	0.00000
Arthrobacter sp. zg-Y919	2894187	S	84	0.00000	0	0.00000	0	0.00000
Arthrobacter crystallopoietes	37928	S	22	0.00000	0	0.00000	0	0.00000
Rothia mucilaginosa	43675	S	29	0.00000	2323	0.00018	2001	0.00011
Rothia dentocariosa	2047	S	18	0.00000	436	0.00003	282	0.00002
Rothia nasimurium	85336	S	13	0.00000	0	0.00000	0	0.00000
Subtercola endophyticus	2895559	S	44	0.00000	0	0.00000	0	0.00000
Salinibacterium sp. M195	2583374	S	16	0.00000	19	0.00000	0	0.00000
Ruania suaedae	2897774	S	37	0.00000	0	0.00000	0	0.00000
Austwickia chelonae	100225	S	23	0.00000	0	0.00000	0	0.00000
Brachybacterium sp. P6-10-X1	1903186	S	13	0.00000	30	0.00000	0	0.00000
Streptomyces buecherae	2763006	S	76	0.00000	0	0.00000	0	0.00000
Streptomyces finlayi	67296	S	27	0.00000	28	0.00000	0	0.00000
Streptomyces albidoflavus	1886	S	195	0.00001	0	0.00000	0	0.00000
Kitasatospora herbaricolor	68217	S	65	0.00000	0	0.00000	0	0.00000
Kitasatospora purpeofusca	67352	S	33	0.00000	0	0.00000	0	0.00000
Corynebacterium sp. SCR221107	3017361	S	56	0.00000	0	0.00000	0	0.00000
Corynebacterium kroppenstedtii	161879	S	70	0.00000	22	0.00000	0	0.00000
Corynebacterium urealyticum	43771	S	46	0.00000	21	0.00000	0	0.00000
Corynebacterium callunae	1721	S	35	0.00000	0	0.00000	0	0.00000
Corynebacterium nuruki	1032851	S	32	0.00000	0	0.00000	0	0.00000
Corynebacterium macginleyi	38290	S	23	0.00000	0	0.00000	0	0.00000
Mycobacteroides sp. PCS013	3074106	S	28	0.00000	0	0.00000	0	0.00000
Actinomyces sp. oral taxon 169	712116	S	37	0.00000	0	0.00000	0	0.00000
Actinomyces oris	544580	S	88	0.00001	0	0.00000	43	0.00000
Gleimia europaea	66228	S	61	0.00000	0	0.00000	0	0.00000
Trueperella pyogenes	1661	S	13	0.00000	40	0.00000	0	0.00000
Micromonospora craniellae	2294034	S	36	0.00000	0	0.00000	0	0.00000
Prauserella marina	530584	S	35	0.00000	0	0.00000	0	0.00000
Nocardiopsis sp. HUAS JQ3	3061629	S	19	0.00000	0	0.00000	0	0.00000
Conexibacter sp. SYSU D00693	2812560	S	11	0.00000	0	0.00000	0	0.00000
Synechococcus sp. CC9902	316279	S	39	0.00000	0	0.00000	0	0.00000
Geitlerinema sp. PCC 7407	1173025	S	49	0.00000	0	0.00000	0	0.00000
Euhalothece natronophila	577489	S	25	0.00000	23	0.00000	12	0.00000
Nostoc sp. 'Lobaria pulmonaria (5183) cyanobiont'	1618022	S	12	0.00000	0	0.00000	0	0.00000
Candidatus Leptofilum sp.	3241576	S	23	0.00000	0	0.00000	0	0.00000
Ktedonosporobacter rubrisoli	2509675	S	29	0.00000	0	0.00000	0	0.00000
Tepidiforma bonchosmolovskayae	2601677	S	29	0.00000	0	0.00000	0	0.00000
Cetobacterium sp. SF1	3417654	S	156	0.00001	63	0.00000	0	0.00000
Fusobacterium nucleatum	851	S	47	0.00000	0	0.00000	0	0.00000
Leptotrichia wadei	157687	S	18	0.00000	0	0.00000	0	0.00000
Pyramidobacter sp. YE332	3068894	S	30	0.00000	0	0.00000	0	0.00000
Pyramidobacter piscolens	638849	S	17	0.00000	27	0.00000	0	0.00000
Cloacibacillus porcorum	1197717	S	29	0.00000	12554	0.00098	0	0.00000
Homo sapiens	9606	S	257	0.00001	2259	0.00018	888	0.00005
Methanogenium organophilum	2199	S	12	0.00000	0	0.00000	0	0.00000
Carjivirus communis	2955582	S	3495	0.00020	0	0.00000	0	0.00000
Carjivirus hominis	2955583	S	973	0.00006	0	0.00000	0	0.00000
Jahgtovirus intestinalis	2955996	S	101	0.00001	0	0.00000	0	0.00000
Mahlunavirus rarus	2956179	S	13	0.00000	0	0.00000	0	0.00000
Oengusvirus oengus	2734262	S	263	0.00002	152	0.00001	0	0.00000
Bacteroides sedimenti	2136147	S	0	0.00000	219	0.00002	254	0.00001
Tannerella forsythia	28112	S	0	0.00000	49	0.00000	30	0.00000
Prevotella sp. Rep29	2691580	S	0	0.00000	294	0.00002	207	0.00001
Prevotella sp. E13-17	2913616	S	0	0.00000	151	0.00001	19	0.00000
Prevotella sp. oral taxon 475	712471	S	0	0.00000	128	0.00001	195	0.00001
Prevotella sp. E2-28	2913620	S	0	0.00000	111	0.00001	31	0.00000
Prevotella sp. E15-22	2937774	S	0	0.00000	82	0.00001	18	0.00000
Prevotella sp. oral taxon 299	652716	S	0	0.00000	21	0.00000	0	0.00000
Prevotella dentalis	52227	S	0	0.00000	452	0.00004	25	0.00000
Prevotella communis	2913614	S	0	0.00000	286	0.00002	22	0.00000
Prevotella denticola	28129	S	0	0.00000	301	0.00002	0	0.00000
Prevotella histicola	470565	S	0	0.00000	111	0.00001	0	0.00000
Prevotella veroralis	28137	S	0	0.00000	55	0.00000	0	0.00000
Prevotella herbatica	2801997	S	0	0.00000	43	0.00000	155	0.00001
Segatella baroniae	305719	S	0	0.00000	532	0.00004	0	0.00000
Segatella bryantii	77095	S	0	0.00000	168	0.00001	0	0.00000
Pseudoprevotella muciniphila	2133944	S	0	0.00000	995	0.00008	15	0.00000
Hoylesella enoeca	76123	S	0	0.00000	503	0.00004	34	0.00000
Hoylesella buccalis	28127	S	0	0.00000	171	0.00001	95	0.00001
Xylanibacter ruminicola	839	S	0	0.00000	196	0.00002	0	0.00000
Paramuribaculum intestinale	2094151	S	0	0.00000	101	0.00001	14	0.00000
Porphyromonas crevioricanis	393921	S	0	0.00000	101	0.00001	0	0.00000
Porphyromonas endodontalis	28124	S	0	0.00000	40	0.00000	0	0.00000
Porphyromonas pogonae	867595	S	0	0.00000	20	0.00000	16	0.00000
Porphyromonas sp. oral taxon 275	712435	S	0	0.00000	15	0.00000	0	0.00000
Porphyromonas somerae	322095	S	0	0.00000	12	0.00000	0	0.00000
Proteiniphilum propionicum	2829812	S	0	0.00000	152	0.00001	0	0.00000
Proteiniphilum saccharofermentans	1642647	S	0	0.00000	90	0.00001	0	0.00000
Petrimonas sp.	2023866	S	0	0.00000	39	0.00000	108	0.00001
Dysgonomonas capnocytophagoides	45254	S	0	0.00000	55	0.00000	17	0.00000
Limibacterium fermenti	3229863	S	0	0.00000	36	0.00000	11	0.00000
Paludibacter propionicigenes	185300	S	0	0.00000	23	0.00000	78	0.00000
Tenuifilum thalassicum	2590900	S	0	0.00000	13	0.00000	0	0.00000
Xiashengella succiniciproducens	2949635	S	0	0.00000	67	0.00001	14	0.00000
Alkalitalea saponilacus	889453	S	0	0.00000	18	0.00000	0	0.00000
Draconibacterium halophilum	2706887	S	0	0.00000	14	0.00000	0	0.00000
Mangrovibacterium marinum	1639118	S	0	0.00000	19	0.00000	13	0.00000
Labilibaculum antarcticum	1717717	S	0	0.00000	24	0.00000	0	0.00000
Labilibaculum sp.	2060723	S	0	0.00000	16	0.00000	0	0.00000
Marinifilum fragile	570161	S	0	0.00000	14	0.00000	0	0.00000
Chryseobacterium gallinarum	1324352	S	0	0.00000	789	0.00006	0	0.00000
Chryseobacterium suipulveris	2929800	S	0	0.00000	97	0.00001	0	0.00000
Chryseobacterium sp. POL2	2713414	S	0	0.00000	33	0.00000	0	0.00000
Chryseobacterium sp.	1871047	S	0	0.00000	12	0.00000	0	0.00000
Chryseobacterium sp. 3008163	2478663	S	0	0.00000	13	0.00000	0	0.00000
Chryseobacterium camelliae	1265445	S	0	0.00000	19	0.00000	0	0.00000
Chryseobacterium aureum	2497456	S	0	0.00000	13	0.00000	0	0.00000
Chryseobacterium glaciei	1685010	S	0	0.00000	11	0.00000	0	0.00000
Chryseobacterium arthrosphaerae	651561	S	0	0.00000	12	0.00000	0	0.00000
Kaistella sp. 97-N-M2	2908645	S	0	0.00000	29	0.00000	0	0.00000
Riemerella anatipestifer	34085	S	0	0.00000	15	0.00000	0	0.00000
Flavobacterium sp. N1719	2885633	S	0	0.00000	30	0.00000	0	0.00000
Flavobacterium sp. YJ01	3031997	S	0	0.00000	111	0.00001	0	0.00000
Flavobacterium arcticum	1784713	S	0	0.00000	73	0.00001	0	0.00000
Flavobacterium gilvum	1492737	S	0	0.00000	36	0.00000	0	0.00000
Flavobacterium faecale	1355330	S	0	0.00000	19	0.00000	0	0.00000
Flavobacterium mekongense	3379707	S	0	0.00000	13	0.00000	0	0.00000
Capnocytophaga granulosa	45242	S	0	0.00000	70	0.00001	27	0.00000
Capnocytophaga sputigena	1019	S	0	0.00000	48	0.00000	0	0.00000
Capnocytophaga haemolytica	45243	S	0	0.00000	20	0.00000	0	0.00000
Abyssalbus ytuae	2926907	S	0	0.00000	55	0.00000	0	0.00000
Myroides fluvii	2572594	S	0	0.00000	37	0.00000	0	0.00000
Polaribacter pacificus	1775173	S	0	0.00000	37	0.00000	0	0.00000
Winogradskyella sp.	1883156	S	0	0.00000	29	0.00000	0	0.00000
Zobellia alginiliquefaciens	3032586	S	0	0.00000	31	0.00000	0	0.00000
Lutibacter sp. A64	2918526	S	0	0.00000	31	0.00000	0	0.00000
Tenacibaculum insulae	2029677	S	0	0.00000	19	0.00000	0	0.00000
Daejeonia sp. YH14	3439042	S	0	0.00000	13	0.00000	0	0.00000
Sanyastnella coralliicola	3069118	S	0	0.00000	42	0.00000	0	0.00000
Parvicella tangerina	2829795	S	0	0.00000	32	0.00000	0	0.00000
Blattabacterium cuenoti	1653831	S	0	0.00000	15	0.00000	0	0.00000
Hymenobacter jejuensis	2502781	S	0	0.00000	59	0.00000	0	0.00000
Hymenobacter monticola	1705399	S	0	0.00000	63	0.00000	0	0.00000
Pontibacter akesuensis	388950	S	0	0.00000	33	0.00000	0	0.00000
Pontibacter sp. SGAir0037	2571030	S	0	0.00000	19	0.00000	0	0.00000
Pontibacter sp. G13	3074898	S	0	0.00000	11	0.00000	0	0.00000
Adhaeribacter swui	2086471	S	0	0.00000	95	0.00001	0	0.00000
Dyadobacter sp. NIV53	2861765	S	0	0.00000	27	0.00000	0	0.00000
Dyadobacter sp. 32	538966	S	0	0.00000	23	0.00000	0	0.00000
Dyadobacter sp. 676	3088362	S	0	0.00000	10	0.00000	0	0.00000
Runella slithyformis	106	S	0	0.00000	21	0.00000	0	0.00000
Tellurirhabdus rosea	2674997	S	0	0.00000	16	0.00000	0	0.00000
Leadbetterella byssophila	316068	S	0	0.00000	94	0.00001	0	0.00000
Emticicia sp. 21SJ11W-3	2916755	S	0	0.00000	12	0.00000	0	0.00000
Spirosoma sp. KCTC 42546	2520506	S	0	0.00000	23	0.00000	0	0.00000
Spirosoma sp. SC4-14	3128900	S	0	0.00000	23	0.00000	0	0.00000
Spirosoma montaniterrae	1178516	S	0	0.00000	22	0.00000	0	0.00000
Spirosoma rhododendri	2728024	S	0	0.00000	18	0.00000	0	0.00000
Spirosoma endbachense	2666025	S	0	0.00000	11	0.00000	0	0.00000
Algoriphagus sp. NBT04N3	2705473	S	0	0.00000	19	0.00000	0	0.00000
Echinicola vietnamensis	390884	S	0	0.00000	21	0.00000	0	0.00000
Mongoliitalea daihaiensis	2782006	S	0	0.00000	11	0.00000	0	0.00000
Aquirufa lenticrescens	2696560	S	0	0.00000	38	0.00000	0	0.00000
Imperialibacter roseus	1324217	S	0	0.00000	14	0.00000	0	0.00000
Sphingobacterium puteale	2420510	S	0	0.00000	65	0.00001	0	0.00000
Sphingobacterium lactis	797291	S	0	0.00000	28	0.00000	0	0.00000
Mucilaginibacter sp. CSA2-8R	3141542	S	0	0.00000	23	0.00000	0	0.00000
Mucilaginibacter sp. E4BP6	2723089	S	0	0.00000	23	0.00000	0	0.00000
Mucilaginibacter ginsenosidivorans	398053	S	0	0.00000	41	0.00000	0	0.00000
Mucilaginibacter yixingensis	1295612	S	0	0.00000	21	0.00000	0	0.00000
Mucilaginibacter daejeonensis	398049	S	0	0.00000	11	0.00000	0	0.00000
Pedobacter sp. KLB.chiD	3387402	S	0	0.00000	22	0.00000	0	0.00000
Pedobacter roseus	336820	S	0	0.00000	11	0.00000	0	0.00000
Pseudopedobacter saltans	151895	S	0	0.00000	28	0.00000	0	0.00000
Solitalea canadensis	995	S	0	0.00000	16	0.00000	0	0.00000
Chitinophaga horti	2920382	S	0	0.00000	34	0.00000	0	0.00000
Flavisolibacter tropicus	1492898	S	0	0.00000	46	0.00000	0	0.00000
Flavisolibacter ginsenosidimutans	661481	S	0	0.00000	22	0.00000	0	0.00000
Puia sp. P3	3423952	S	0	0.00000	36	0.00000	0	0.00000
Arachidicoccus soli	2341117	S	0	0.00000	22	0.00000	0	0.00000
Niabella yanshanensis	577386	S	0	0.00000	15	0.00000	0	0.00000
Pseudobacter ginsenosidimutans	661488	S	0	0.00000	16	0.00000	0	0.00000
Flavihumibacter rivuli	2838156	S	0	0.00000	13	0.00000	0	0.00000
Saprospira sp. CCB-QB6	3023936	S	0	0.00000	19	0.00000	0	0.00000
Chlorobium phaeobacteroides	1096	S	0	0.00000	32	0.00000	0	0.00000
Prosthecochloris sp. GSB1	281093	S	0	0.00000	12	0.00000	0	0.00000
Rhodocaloribacter litoris	2558931	S	0	0.00000	29	0.00000	0	0.00000
Candidatus Palauibacter sp.	3101350	S	0	0.00000	13	0.00000	0	0.00000
Fibrobacter succinogenes	833	S	0	0.00000	15	0.00000	0	0.00000
Akkermansia massiliensis	2927224	S	0	0.00000	869	0.00007	0	0.00000
Akkermansia sp. AE01SA01	3115151	S	0	0.00000	173	0.00001	0	0.00000
Akkermansia sp. RCC_12PD	3115152	S	0	0.00000	101	0.00001	0	0.00000
Akkermansia sp. JRP_AM1	3414159	S	0	0.00000	301	0.00002	0	0.00000
Akkermansia biwaensis	2946555	S	0	0.00000	18	0.00000	0	0.00000
Horticoccus luteus	2862869	S	0	0.00000	10	0.00000	0	0.00000
Rubellicoccus peritrichatus	3080537	S	0	0.00000	28	0.00000	0	0.00000
Candidatus Pelagisphaera phototrophica	2684113	S	0	0.00000	12	0.00000	0	0.00000
Methylacidimicrobium sp. AP8	2730359	S	0	0.00000	37	0.00000	0	0.00000
Planctopirus limnophila	120	S	0	0.00000	53	0.00000	0	0.00000
Singulisphaera sp. Ch08	3120278	S	0	0.00000	15	0.00000	0	0.00000
Saltatorellus ferox	2528018	S	0	0.00000	14	0.00000	0	0.00000
Tichowtungia aerotolerans	2697043	S	0	0.00000	11	0.00000	0	0.00000
Enterobacter sp. ECC-175	3116479	S	0	0.00000	72	0.00001	0	0.00000
Citrobacter portucalensis	1639133	S	0	0.00000	52	0.00000	0	0.00000
Kluyvera ascorbata	51288	S	0	0.00000	23	0.00000	0	0.00000
Kluyvera intermedia	61648	S	0	0.00000	16	0.00000	0	0.00000
Serratia marcescens	615	S	0	0.00000	103	0.00001	0	0.00000
Serratia plymuthica	82996	S	0	0.00000	19	0.00000	0	0.00000
Rahnella sikkimica	1805933	S	0	0.00000	27	0.00000	0	0.00000
Yersinia hibernica	2339259	S	0	0.00000	16	0.00000	0	0.00000
Dickeya zeae	204042	S	0	0.00000	51	0.00000	0	0.00000
Pantoea sp. Z09	2886821	S	0	0.00000	22	0.00000	0	0.00000
Tatumella ptyseos	82987	S	0	0.00000	21	0.00000	0	0.00000
Leminorella richardii	158841	S	0	0.00000	11	0.00000	0	0.00000
Haemophilus parainfluenzae	729	S	0	0.00000	1487	0.00012	61038	0.00336
Haemophilus parahaemolyticus	735	S	0	0.00000	138	0.00001	56	0.00000
Haemophilus haemolyticus	726	S	0	0.00000	60	0.00000	336	0.00002
Haemophilus influenzae	727	S	0	0.00000	58	0.00000	737	0.00004
Haemophilus sp. oral taxon 036	712310	S	0	0.00000	32	0.00000	0	0.00000
Aggregatibacter segnis	739	S	0	0.00000	137	0.00001	29	0.00000
Aggregatibacter sp. Marseille-P9115	2866570	S	0	0.00000	34	0.00000	0	0.00000
Aggregatibacter sp. oral taxon 513	712150	S	0	0.00000	27	0.00000	0	0.00000
Aggregatibacter sp. 2125159857	2820817	S	0	0.00000	17	0.00000	25	0.00000
Aggregatibacter aphrophilus	732	S	0	0.00000	19	0.00000	37	0.00000
Gallibacterium salpingitidis	505341	S	0	0.00000	31	0.00000	0	0.00000
Pseudomonas sp. MPDS	2762896	S	0	0.00000	624	0.00005	0	0.00000
Pseudomonas sp. 15A4	2804761	S	0	0.00000	25	0.00000	0	0.00000
Pseudomonas sp. AN-1	3096605	S	0	0.00000	17	0.00000	0	0.00000
Pseudomonas sp. B21-017	2895474	S	0	0.00000	40	0.00000	0	0.00000
Pseudomonas corrugata	47879	S	0	0.00000	43	0.00000	0	0.00000
Pseudomonas lijiangensis	2995658	S	0	0.00000	32	0.00000	0	0.00000
Pseudomonas wenzhouensis	2906062	S	0	0.00000	56	0.00000	0	0.00000
Pseudomonas kulmbachensis	3043408	S	0	0.00000	45	0.00000	0	0.00000
Pseudomonas arsenicoxydans	702115	S	0	0.00000	13	0.00000	0	0.00000
Halopseudomonas sabulinigri	472181	S	0	0.00000	23	0.00000	0	0.00000
Halopseudomonas litoralis	797277	S	0	0.00000	24	0.00000	0	0.00000
Halopseudomonas maritima	2918528	S	0	0.00000	24	0.00000	0	0.00000
Halopseudomonas nanhaiensis	2830842	S	0	0.00000	13	0.00000	0	0.00000
Stutzerimonas urumqiensis	638269	S	0	0.00000	28	0.00000	0	0.00000
Ectopseudomonas mendocina	300	S	0	0.00000	25	0.00000	0	0.00000
Marinobacter sp. NP-4(2019)	2488665	S	0	0.00000	76	0.00001	0	0.00000
Halomonas sp. 3H	2952527	S	0	0.00000	66	0.00001	0	0.00000
Halomonas sp. A40-4	2785909	S	0	0.00000	39	0.00000	0	0.00000
Halomonas sp. Y3	2956797	S	0	0.00000	24	0.00000	31	0.00000
Halomonas alkaliantarctica	232346	S	0	0.00000	17	0.00000	0	0.00000
Halomonas binhaiensis	2562282	S	0	0.00000	12	0.00000	0	0.00000
Chromohalobacter israelensis	141390	S	0	0.00000	50	0.00000	0	0.00000
Pistricoccus aurantiacus	1883414	S	0	0.00000	14	0.00000	0	0.00000
Halotalea alkalilenta	376489	S	0	0.00000	12	0.00000	0	0.00000
Marinomonas profundi	2726122	S	0	0.00000	30	0.00000	0	0.00000
Marinomonas sp. FW-1	2071621	S	0	0.00000	14	0.00000	0	0.00000
Xanthomonas campestris	339	S	0	0.00000	83	0.00001	0	0.00000
Xanthomonas cassavae	56450	S	0	0.00000	25	0.00000	0	0.00000
Pseudoxanthomonas suwonensis	314722	S	0	0.00000	71	0.00001	0	0.00000
Luteimonas sp. R10	3108176	S	0	0.00000	19	0.00000	0	0.00000
Luteibacter sp. Lutesp34	3243030	S	0	0.00000	28	0.00000	19	0.00000
Tahibacter amnicola	2976241	S	0	0.00000	32	0.00000	0	0.00000
Dyella sp. BiH032	3075430	S	0	0.00000	17	0.00000	15	0.00000
Shewanella dokdonensis	712036	S	0	0.00000	121	0.00001	26	0.00000
Pseudoalteromonas ruthenica	151081	S	0	0.00000	25	0.00000	0	0.00000
Psychrosphaera aestuarii	1266052	S	0	0.00000	17	0.00000	0	0.00000
Alteromonas sp. RKMC-009	2267264	S	0	0.00000	12	0.00000	0	0.00000
Vibrio parahaemolyticus	670	S	0	0.00000	170	0.00001	0	0.00000
Methylomonas sp. LL1	2785785	S	0	0.00000	84	0.00001	0	0.00000
Methylomonas rapida	2963939	S	0	0.00000	19	0.00000	0	0.00000
Methyloprofundus sp.	2020875	S	0	0.00000	17	0.00000	0	0.00000
Microbulbifer hydrolyticus	48074	S	0	0.00000	22	0.00000	0	0.00000
Cellvibrio japonicus	155077	S	0	0.00000	18	0.00000	0	0.00000
Cellvibrio sp. PSBB006	1987723	S	0	0.00000	12	0.00000	0	0.00000
Aeromonas allosaccharophila	656	S	0	0.00000	72	0.00001	0	0.00000
Oceanimonas pelagia	3028314	S	0	0.00000	27	0.00000	0	0.00000
Pseudaeromonas aegiceratis	3153928	S	0	0.00000	18	0.00000	19	0.00000
Acinetobacter calcoaceticus	471	S	0	0.00000	45	0.00000	0	0.00000
Acinetobacter johnsonii	40214	S	0	0.00000	27	0.00000	0	0.00000
Acidihalobacter yilgarnensis	2819280	S	0	0.00000	12	0.00000	0	0.00000
Halothiobacillus diazotrophicus	1860122	S	0	0.00000	17	0.00000	20	0.00000
Cardiobacterium hominis	2718	S	0	0.00000	52	0.00000	0	0.00000
Candidatus Vondammii sp. HM_W22	2687299	S	0	0.00000	13	0.00000	24	0.00000
Gilliamella apis	1970738	S	0	0.00000	10	0.00000	0	0.00000
Sutterella megalosphaeroides	2494234	S	0	0.00000	2684	0.00021	2550	0.00014
Sutterella faecalis	2584944	S	0	0.00000	467	0.00004	386	0.00002
Burkholderia multivorans	87883	S	0	0.00000	172	0.00001	48	0.00000
Paraburkholderia sacchari	159450	S	0	0.00000	78	0.00001	0	0.00000
Paraburkholderia caribensis	75105	S	0	0.00000	85	0.00001	43	0.00000
Polynucleobacter necessarius	576610	S	0	0.00000	25	0.00000	0	0.00000
Cupriavidus metallidurans	119219	S	0	0.00000	95	0.00001	65	0.00000
Trinickia caryophylli	28094	S	0	0.00000	70	0.00001	55	0.00000
Lautropia mirabilis	47671	S	0	0.00000	43	0.00000	0	0.00000
Variovorax sp. PBL-H6	434009	S	0	0.00000	93	0.00001	51	0.00000
Variovorax paradoxus	34073	S	0	0.00000	129	0.00001	137	0.00001
Comamonas flocculans	2597701	S	0	0.00000	129	0.00001	109	0.00001
Comamonas kerstersii	225992	S	0	0.00000	29	0.00000	41	0.00000
Paracidovorax cattleyae	80868	S	0	0.00000	96	0.00001	0	0.00000
Paracidovorax avenae	80867	S	0	0.00000	69	0.00001	0	0.00000
Rhodoferax saidenbachensis	1484693	S	0	0.00000	27	0.00000	27	0.00000
Acidovorax temperans	80878	S	0	0.00000	51	0.00000	0	0.00000
Ottowia sp. oral taxon 894	1658672	S	0	0.00000	43	0.00000	0	0.00000
Candidatus Symbiobacter mobilis	1436290	S	0	0.00000	28	0.00000	0	0.00000
Ramlibacter tataouinensis	94132	S	0	0.00000	51	0.00000	0	0.00000
Achromobacter xylosoxidans	85698	S	0	0.00000	178	0.00001	0	0.00000
Achromobacter denitrificans	32002	S	0	0.00000	56	0.00000	107	0.00001
Achromobacter pestifer	1353889	S	0	0.00000	70	0.00001	0	0.00000
Alcaligenes faecalis	511	S	0	0.00000	66	0.00001	47	0.00000
Castellaniella sp. MT123	3140381	S	0	0.00000	63	0.00000	0	0.00000
Pigmentiphaga litoralis	516702	S	0	0.00000	23	0.00000	22	0.00000
Herbaspirillum rubrisubalbicans	80842	S	0	0.00000	129	0.00001	0	0.00000
Roseateles sp. SL47	2995138	S	0	0.00000	65	0.00001	0	0.00000
Xylophilus rhododendri	2697032	S	0	0.00000	58	0.00000	0	0.00000
Xylophilus sp. GOD-11R	3089814	S	0	0.00000	48	0.00000	0	0.00000
Neisseria elongata	495	S	0	0.00000	122	0.00001	0	0.00000
Eikenella corrodens	539	S	0	0.00000	107	0.00001	42	0.00000
Eikenella halliae	1795832	S	0	0.00000	42	0.00000	0	0.00000
Paralysiella testudinis	2809020	S	0	0.00000	27	0.00000	0	0.00000
Uruburuella suis	252130	S	0	0.00000	23	0.00000	45	0.00000
Chitinibacter sp. S2-10	3373597	S	0	0.00000	148	0.00001	0	0.00000
Chitinibacter fontanus	1737446	S	0	0.00000	23	0.00000	0	0.00000
Jeongeupia wiesaeckerbachi	3051218	S	0	0.00000	46	0.00000	0	0.00000
Chromobacterium sp. CV08	3133274	S	0	0.00000	58	0.00000	0	0.00000
Chromobacterium amazonense	1382803	S	0	0.00000	37	0.00000	0	0.00000
Paludibacterium paludis	1225769	S	0	0.00000	31	0.00000	27	0.00000
Microvirgula aerodenitrificans	57480	S	0	0.00000	69	0.00001	0	0.00000
Nitrogeniibacter aestuarii	2815343	S	0	0.00000	47	0.00000	0	0.00000
Nitrogeniibacter mangrovi	2016596	S	0	0.00000	53	0.00000	43	0.00000
Azoarcus sp. CIB	198107	S	0	0.00000	92	0.00001	0	0.00000
Pseudazoarcus pumilus	2067960	S	0	0.00000	56	0.00000	0	0.00000
Thauera humireducens	1134435	S	0	0.00000	43	0.00000	0	0.00000
Azospira restricta	404405	S	0	0.00000	70	0.00001	92	0.00001
Aromatoleum aromaticum	551760	S	0	0.00000	46	0.00000	0	0.00000
Dechloromonas aquae	2664436	S	0	0.00000	55	0.00000	0	0.00000
Ferrigenium kumadai	1682490	S	0	0.00000	43	0.00000	103	0.00001
Sideroxydans sp. CL21	2600596	S	0	0.00000	22	0.00000	0	0.00000
Methylobacillus flagellatus	405	S	0	0.00000	21	0.00000	0	0.00000
Sulfuritalea hydrogenivorans	748811	S	0	0.00000	65	0.00001	44	0.00000
Thiobacillus denitrificans	36861	S	0	0.00000	48	0.00000	33	0.00000
Sulfuricella denitrificans	649841	S	0	0.00000	40	0.00000	0	0.00000
Rhizobium sp. NXC24	2048897	S	0	0.00000	73	0.00001	0	0.00000
Agrobacterium tumefaciens	358	S	0	0.00000	87	0.00001	0	0.00000
Allorhizobium pseudoryzae	379684	S	0	0.00000	32	0.00000	0	0.00000
Candidatus Liberibacter solanacearum	556287	S	0	0.00000	15	0.00000	0	0.00000
Mesorhizobium sp. DCY119	2108445	S	0	0.00000	159	0.00001	0	0.00000
Mesorhizobium sp. AaZ16	3402289	S	0	0.00000	28	0.00000	0	0.00000
Mesorhizobium sp.	1871066	S	0	0.00000	33	0.00000	0	0.00000
Mesorhizobium sp. M9A.F.Ca.ET.002.03.1.2	2493668	S	0	0.00000	36	0.00000	0	0.00000
Mesorhizobium amorphae	71433	S	0	0.00000	46	0.00000	0	0.00000
Aminobacter sp. SR38	2774562	S	0	0.00000	129	0.00001	0	0.00000
Phyllobacterium sp. 628	2718938	S	0	0.00000	37	0.00000	0	0.00000
Bradyrhizobium sp. SK17	2057741	S	0	0.00000	93	0.00001	0	0.00000
Pseudorhodoplanes sinuspersici	1235591	S	0	0.00000	196	0.00002	0	0.00000
Devosia sp. XK-2	3126689	S	0	0.00000	56	0.00000	0	0.00000
Pelagibacterium halotolerans	531813	S	0	0.00000	33	0.00000	0	0.00000
Roseibium sp.	1936156	S	0	0.00000	62	0.00000	0	0.00000
Stappia sp.	1870903	S	0	0.00000	46	0.00000	0	0.00000
Brucella anthropi	529	S	0	0.00000	198	0.00002	0	0.00000
Pseudochrobactrum sp. Wa41.01b-1	2864102	S	0	0.00000	44	0.00000	0	0.00000
Microvirga sp. 17 mud 1-3	2082949	S	0	0.00000	38	0.00000	0	0.00000
Methylobacterium durans	2202825	S	0	0.00000	27	0.00000	25	0.00000
Bosea sp. RAC05	1842539	S	0	0.00000	85	0.00001	0	0.00000
Hyphomicrobium nitrativorans	1427356	S	0	0.00000	20	0.00000	0	0.00000
Rhodoplanes sp. Z2-YC6860	674703	S	0	0.00000	18	0.00000	0	0.00000
Cohaesibacter sp. ES.047	1798205	S	0	0.00000	32	0.00000	0	0.00000
Methylovirgula sp. 4M-Z18	2293567	S	0	0.00000	25	0.00000	0	0.00000
Kaistia sp. 32K	2795690	S	0	0.00000	50	0.00000	0	0.00000
Oceaniradius stylonematis	2184161	S	0	0.00000	39	0.00000	0	0.00000
Acuticoccus sp.	1904378	S	0	0.00000	15	0.00000	0	0.00000
Amylibacter sp. IMCC11727	3039851	S	0	0.00000	27	0.00000	0	0.00000
Frigidibacter mobilis	1335048	S	0	0.00000	83	0.00001	0	0.00000
Profundibacter amoris	2171755	S	0	0.00000	24	0.00000	0	0.00000
Pikeienuella piscinae	2748098	S	0	0.00000	23	0.00000	20	0.00000
Sulfitobacter sp. JB4-11	3238304	S	0	0.00000	24	0.00000	0	0.00000
Sulfitobacter sp. THAF37	2587855	S	0	0.00000	57	0.00000	0	0.00000
Sulfitobacter mediterraneus	83219	S	0	0.00000	33	0.00000	0	0.00000
Celeribacter marinus	1397108	S	0	0.00000	56	0.00000	0	0.00000
Leisingera aquaemixtae	1396826	S	0	0.00000	33	0.00000	0	0.00000
Antarctobacter heliothermus	74033	S	0	0.00000	24	0.00000	0	0.00000
Roseobacter ponti	1891787	S	0	0.00000	19	0.00000	0	0.00000
Sphingomonas sp. QA11	2950605	S	0	0.00000	26	0.00000	0	0.00000
Sphingomonas sp. SUN039	2937787	S	0	0.00000	21	0.00000	0	0.00000
Sphingomonas nostoxanthinifaciens	2872652	S	0	0.00000	61	0.00000	0	0.00000
Sphingomonas hankookensis	563996	S	0	0.00000	62	0.00000	0	0.00000
Sphingomonas cannabina	2899123	S	0	0.00000	48	0.00000	0	0.00000
Sphingomonas psychrotolerans	1327635	S	0	0.00000	24	0.00000	0	0.00000
Sphingomonas aerolata	185951	S	0	0.00000	24	0.00000	0	0.00000
Novosphingobium sp. ES2-1	2780074	S	0	0.00000	50	0.00000	0	0.00000
Novosphingobium rhizosphaerae	1551649	S	0	0.00000	61	0.00000	0	0.00000
Sphingobium sp. RAC03	1843368	S	0	0.00000	58	0.00000	0	0.00000
Alterisphingorhabdus coralli	3071408	S	0	0.00000	26	0.00000	0	0.00000
Sphingopyxis sp. PET50	2976533	S	0	0.00000	31	0.00000	0	0.00000
Thalassospira australica	1528106	S	0	0.00000	55	0.00000	0	0.00000
Thalassospira lucentensis	168935	S	0	0.00000	21	0.00000	0	0.00000
Magnetospira sp. QH-2	1288970	S	0	0.00000	40	0.00000	0	0.00000
Azospirillum sp. HJ39	3159496	S	0	0.00000	82	0.00001	0	0.00000
Azospirillum thermophilum	2202148	S	0	0.00000	30	0.00000	0	0.00000
Aerophototrophica crusticola	1709002	S	0	0.00000	52	0.00000	0	0.00000
Rhodospirillum centenum	34018	S	0	0.00000	29	0.00000	0	0.00000
Hwanghaeella sp.	2605943	S	0	0.00000	14	0.00000	0	0.00000
Terasakiella sp. SH-1	2560057	S	0	0.00000	25	0.00000	0	0.00000
Varunaivibrio sulfuroxidans	1773489	S	0	0.00000	29	0.00000	0	0.00000
Caenispirillum salinarum	859058	S	0	0.00000	28	0.00000	14	0.00000
Komagataeibacter oboediens	65958	S	0	0.00000	127	0.00001	46	0.00000
Commensalibacter melissae	2070537	S	0	0.00000	57	0.00000	0	0.00000
Kozakia baliensis	153496	S	0	0.00000	62	0.00000	0	0.00000
Gluconobacter cerinus	38307	S	0	0.00000	25	0.00000	0	0.00000
Humitalea sp. 24SJ18S-53	3422307	S	0	0.00000	40	0.00000	0	0.00000
Brevundimonas sp. C43	3068314	S	0	0.00000	101	0.00001	0	0.00000
Brevundimonas olei	657642	S	0	0.00000	28	0.00000	0	0.00000
Brevundimonas vesicularis	41276	S	0	0.00000	33	0.00000	0	0.00000
Phenylobacterium sp.	1871053	S	0	0.00000	59	0.00000	0	0.00000
Phenylobacterium zucineum	284016	S	0	0.00000	27	0.00000	0	0.00000
Caulobacter segnis	88688	S	0	0.00000	47	0.00000	0	0.00000
Caulobacter sp. NIBR1757	3016000	S	0	0.00000	25	0.00000	19	0.00000
Emcibacter sp.	1979954	S	0	0.00000	85	0.00001	0	0.00000
Sneathiella marina	2950108	S	0	0.00000	41	0.00000	0	0.00000
Sneathiella aquimaris	2599305	S	0	0.00000	11	0.00000	0	0.00000
Tistrella bauzanensis	657419	S	0	0.00000	28	0.00000	0	0.00000
Tistrella mobilis	171437	S	0	0.00000	27	0.00000	0	0.00000
Kordiimonas pumila	2161677	S	0	0.00000	13	0.00000	0	0.00000
Hyphobacterium sp.	2004662	S	0	0.00000	16	0.00000	0	0.00000
Mariprofundus aestuarium	1921086	S	0	0.00000	25	0.00000	0	0.00000
Mariprofundus ferrinatatus	1921087	S	0	0.00000	18	0.00000	0	0.00000
Desulfovibrio fairfieldensis	44742	S	0	0.00000	1174	0.00009	22	0.00000
Desulfovibrio desulfuricans	876	S	0	0.00000	121	0.00001	37	0.00000
Desulfovibrio sp. G11	631220	S	0	0.00000	87	0.00001	0	0.00000
Candidatus Desulfovibrio trichonymphae	1725232	S	0	0.00000	16	0.00000	0	0.00000
Desulfovibrio mangrovi	2976983	S	0	0.00000	19	0.00000	22	0.00000
Pseudodesulfovibrio cashew	2678688	S	0	0.00000	21	0.00000	0	0.00000
uncultured Pseudodesulfovibrio sp.	2035858	S	0	0.00000	13	0.00000	0	0.00000
Pseudodesulfovibrio sediminis	2810563	S	0	0.00000	13	0.00000	0	0.00000
Pseudodesulfovibrio profundus	57320	S	0	0.00000	14	0.00000	0	0.00000
Pseudodesulfovibrio tunisiensis	463192	S	0	0.00000	11	0.00000	0	0.00000
Nitratidesulfovibrio sp. HK-II	2009266	S	0	0.00000	41	0.00000	25	0.00000
Nitratidesulfovibrio vulgaris	881	S	0	0.00000	14	0.00000	0	0.00000
Nitratidesulfovibrio liaohensis	2604158	S	0	0.00000	18	0.00000	0	0.00000
Solidesulfovibrio carbinoliphilus	345370	S	0	0.00000	32	0.00000	19	0.00000
Megalodesulfovibrio gigas	879	S	0	0.00000	40	0.00000	0	0.00000
Taurinivorans muris	2787751	S	0	0.00000	18	0.00000	0	0.00000
Lawsonia intracellularis	29546	S	0	0.00000	11	0.00000	0	0.00000
Desulfomicrobium orale	132132	S	0	0.00000	26	0.00000	0	0.00000
Geobacter sp. DSM 9736	1277350	S	0	0.00000	17	0.00000	0	0.00000
Geotalea uraniireducens	351604	S	0	0.00000	22	0.00000	0	0.00000
Geomonas sp. RF6	2897342	S	0	0.00000	12	0.00000	0	0.00000
Syntrophotalea acetylenica	29542	S	0	0.00000	44	0.00000	13	0.00000
Pelobacter propionicus	29543	S	0	0.00000	13	0.00000	0	0.00000
Desulfoferula mesophila	3058419	S	0	0.00000	13	0.00000	0	0.00000
Desulfarculus baarsii	453230	S	0	0.00000	12	0.00000	0	0.00000
Helicobacter pylori	210	S	0	0.00000	42	0.00000	0	0.00000
Sulfurospirillum diekertiae	1854492	S	0	0.00000	28	0.00000	0	0.00000
Caminibacter mediatlanticus	291048	S	0	0.00000	12	0.00000	0	0.00000
Treponema vincentii	69710	S	0	0.00000	36	0.00000	0	0.00000
Entomospira culicis	2719989	S	0	0.00000	20	0.00000	0	0.00000
Geothrix oryzae	2927975	S	0	0.00000	33	0.00000	0	0.00000
Geothrix sp. 21YS21S-2	3068893	S	0	0.00000	14	0.00000	0	0.00000
Mesoterricola silvestris	2927979	S	0	0.00000	16	0.00000	0	0.00000
Sulfidibacter corallicola	2818388	S	0	0.00000	21	0.00000	0	0.00000
Terriglobus roseus	392734	S	0	0.00000	18	0.00000	0	0.00000
Paludibaculum fermentans	1473598	S	0	0.00000	22	0.00000	0	0.00000
Archangium violaceum	83451	S	0	0.00000	57	0.00000	0	0.00000
Anaeromyxobacter dehalogenans	161493	S	0	0.00000	13	0.00000	0	0.00000
Sorangium cellulosum	56	S	0	0.00000	18	0.00000	0	0.00000
Thermocrinis ruber	75906	S	0	0.00000	38	0.00000	0	0.00000
Hydrogenobacter thermophilus	940	S	0	0.00000	24	0.00000	0	0.00000
Candidatus Nitrospira inopinata	1715989	S	0	0.00000	15	0.00000	19	0.00000
Caldithrix abyssi	187145	S	0	0.00000	21	0.00000	0	0.00000
Desulfurispirillum indicum	936456	S	0	0.00000	10	0.00000	0	0.00000
Caproicibacterium amylolyticum	2766537	S	0	0.00000	559	0.00004	0	0.00000
Caproicibacterium sp. BJN0003	2994078	S	0	0.00000	83	0.00001	0	0.00000
Amygdalobacter nucleatus	3029274	S	0	0.00000	21	0.00000	0	0.00000
Petroclostridium sp. X23	3045146	S	0	0.00000	38	0.00000	0	0.00000
Levyella massiliensis	938289	S	0	0.00000	18	0.00000	0	0.00000
Fusibacter sp. JL216-2	3071453	S	0	0.00000	12	0.00000	0	0.00000
Alkalibacter rhizosphaerae	2815577	S	0	0.00000	12	0.00000	0	0.00000
Clostridium sp. BJN0013	3236840	S	0	0.00000	63	0.00000	45	0.00000
Clostridium sp.	1506	S	0	0.00000	32	0.00000	0	0.00000
Clostridium sp. 001	1970093	S	0	0.00000	19	0.00000	0	0.00000
Clostridium bornimense	1216932	S	0	0.00000	110	0.00001	0	0.00000
Clostridium gelidum	704125	S	0	0.00000	20	0.00000	0	0.00000
Clostridium tetani	1513	S	0	0.00000	16	0.00000	20	0.00000
Clostridium isatidis	182773	S	0	0.00000	13	0.00000	0	0.00000
Clostridium manihotivorum	2320868	S	0	0.00000	10	0.00000	0	0.00000
Wukongibacter baidiensis	1723361	S	0	0.00000	33	0.00000	0	0.00000
Crassaminicella profunda	1286698	S	0	0.00000	20	0.00000	0	0.00000
Caloramator sp. E03	2576307	S	0	0.00000	13	0.00000	0	0.00000
Desulfitobacterium hafniense	49338	S	0	0.00000	22	0.00000	0	0.00000
Dehalobacterium formicoaceticum	51515	S	0	0.00000	20	0.00000	0	0.00000
Desulfofundulus kuznetsovii	58135	S	0	0.00000	11	0.00000	0	0.00000
Symbiobacterium thermophilum	2734	S	0	0.00000	36	0.00000	0	0.00000
Caldinitratiruptor microaerophilus	671077	S	0	0.00000	21	0.00000	0	0.00000
Lachnoanaerobaculum umeaense	617123	S	0	0.00000	20	0.00000	0	0.00000
Anaeromicropila herbilytica	2785025	S	0	0.00000	12	0.00000	0	0.00000
Anaerotignum propionicum	28446	S	0	0.00000	123	0.00001	0	0.00000
Petrocella atlantisensis	2173034	S	0	0.00000	10	0.00000	0	0.00000
Mogibacterium diversum	114527	S	0	0.00000	140	0.00001	12	0.00000
Emergencia timonensis	1776384	S	0	0.00000	26	0.00000	0	0.00000
Aminipila butyrica	433296	S	0	0.00000	26	0.00000	16	0.00000
Aminipila luticellarii	2507160	S	0	0.00000	23	0.00000	0	0.00000
Sinanaerobacter sp. ZZT-01	3111540	S	0	0.00000	14	0.00000	0	0.00000
Alkaliphilus sp. B6464	2731219	S	0	0.00000	10	0.00000	0	0.00000
Thermoanaerobacterium sp. RBIITD	1550240	S	0	0.00000	30	0.00000	0	0.00000
Moorella sp. Hama-1	2138101	S	0	0.00000	52	0.00000	0	0.00000
Metallumcola ferriviriculae	3039180	S	0	0.00000	10	0.00000	0	0.00000
Acidaminococcus fermentans	905	S	0	0.00000	34001	0.00264	0	0.00000
Acidaminococcus timonensis	1871002	S	0	0.00000	776	0.00006	0	0.00000
Veillonella atypica	39777	S	0	0.00000	2347	0.00018	523	0.00003
Veillonella nakazawae	2682456	S	0	0.00000	752	0.00006	1059	0.00006
Veillonella rogosae	423477	S	0	0.00000	202	0.00002	1655	0.00009
Veillonella orientalis	2682455	S	0	0.00000	284	0.00002	563	0.00003
Veillonella dispar	39778	S	0	0.00000	157	0.00001	420	0.00002
Megasphaera hexanoica	1675036	S	0	0.00000	25	0.00000	0	0.00000
Megamonas funiformis	437897	S	0	0.00000	1165	0.00009	0	0.00000
Selenomonas sp.	2053611	S	0	0.00000	31	0.00000	0	0.00000
Selenomonas sp. oral taxon 478	712538	S	0	0.00000	48	0.00000	0	0.00000
Selenomonas ruminantium	971	S	0	0.00000	38	0.00000	0	0.00000
Selenomonas dianae	135079	S	0	0.00000	14	0.00000	0	0.00000
Sporomusa acidovorans	112900	S	0	0.00000	17	0.00000	0	0.00000
Sporomusa termitida	2377	S	0	0.00000	14	0.00000	0	0.00000
Streptococcus sp. CP1998	3238303	S	0	0.00000	306	0.00002	1681	0.00009
Streptococcus sp. DTU_2020_1001019_1_SI_AUS_MUR_006	3077584	S	0	0.00000	73	0.00001	87	0.00000
Streptococcus sp. oral taxon 431	712633	S	0	0.00000	78	0.00001	186	0.00001
Streptococcus sp. K0074	3402868	S	0	0.00000	109	0.00001	0	0.00000
Streptococcus sp. oral taxon 061	712623	S	0	0.00000	43	0.00000	151	0.00001
Streptococcus sp. FSL K6-1323	2954513	S	0	0.00000	401	0.00003	736	0.00004
Streptococcus sp. KHUD_011	3157334	S	0	0.00000	88	0.00001	0	0.00000
Streptococcus sp. KHUD_014	3434353	S	0	0.00000	34	0.00000	79	0.00000
Streptococcus sp. KHUD_015	3434352	S	0	0.00000	47	0.00000	0	0.00000
Streptococcus sp. SN-1	3074854	S	0	0.00000	58	0.00000	43	0.00000
Streptococcus sp. 11-4097	2828286	S	0	0.00000	58	0.00000	0	0.00000
Streptococcus sp. FSL W7-1342	2954545	S	0	0.00000	283	0.00002	263	0.00001
Streptococcus sp. Marseille-Q3533	2759692	S	0	0.00000	16	0.00000	98	0.00001
Streptococcus sp. FDAARGOS_192	1839799	S	0	0.00000	71	0.00001	584	0.00003
Streptococcus mitis	28037	S	0	0.00000	949	0.00007	379	0.00002
Streptococcus gwangjuensis	1433513	S	0	0.00000	66	0.00001	0	0.00000
Streptococcus oralis	1303	S	0	0.00000	860	0.00007	1031	0.00006
Streptococcus infantis	68892	S	0	0.00000	350	0.00003	132	0.00001
Streptococcus cristatus	45634	S	0	0.00000	106	0.00001	467	0.00003
Streptococcus anginosus	1328	S	0	0.00000	144	0.00001	93	0.00001
Streptococcus intermedius	1338	S	0	0.00000	47	0.00000	0	0.00000
Streptococcus dentalis	3098075	S	0	0.00000	307	0.00002	1973	0.00011
Streptococcus parapneumoniae	2993430	S	0	0.00000	176	0.00001	0	0.00000
Streptococcus nidrosiense	3140788	S	0	0.00000	86	0.00001	116	0.00001
Streptococcus pyogenes	1314	S	0	0.00000	37	0.00000	0	0.00000
Streptococcus australis	113107	S	0	0.00000	83	0.00001	635	0.00003
Streptococcus pseudopneumoniae	257758	S	0	0.00000	38	0.00000	0	0.00000
Streptococcus rubneri	1234680	S	0	0.00000	27	0.00000	175	0.00001
Lactococcus petauri	1940789	S	0	0.00000	84	0.00001	0	0.00000
Lactococcus sp.	44273	S	0	0.00000	240	0.00002	0	0.00000
Lactococcus cremoris	1359	S	0	0.00000	18	0.00000	0	0.00000
Pseudolactococcus raffinolactis	1366	S	0	0.00000	38	0.00000	25	0.00000
Enterococcus faecalis	1351	S	0	0.00000	45	0.00000	0	0.00000
Enterococcus durans	53345	S	0	0.00000	21	0.00000	0	0.00000
Ligilactobacillus salivarius	1624	S	0	0.00000	13	0.00000	44	0.00000
Lactobacillus crispatus	47770	S	0	0.00000	69	0.00001	0	0.00000
Levilactobacillus brevis	1580	S	0	0.00000	52	0.00000	0	0.00000
Latilactobacillus sakei	1599	S	0	0.00000	40	0.00000	0	0.00000
Companilactobacillus paralimentarius	83526	S	0	0.00000	16	0.00000	0	0.00000
Alloiococcus sp. CFN-8	3416081	S	0	0.00000	15	0.00000	10	0.00000
Abiotrophia defectiva	46125	S	0	0.00000	134	0.00001	57	0.00000
Paenibacillus sp. FSL R7-0331	1536773	S	0	0.00000	146	0.00001	0	0.00000
Paenibacillus sp. 19GGS1-52	2758563	S	0	0.00000	42	0.00000	0	0.00000
Paenibacillus sp. JNUCC-31	2777983	S	0	0.00000	72	0.00001	0	0.00000
Paenibacillus sp. HWE-109	1306526	S	0	0.00000	20	0.00000	0	0.00000
Paenibacillus sp. FSL K6-1096	2921460	S	0	0.00000	28	0.00000	0	0.00000
Paenibacillus sp. FSL R7-0216	2921677	S	0	0.00000	15	0.00000	0	0.00000
Paenibacillus donghaensis	414771	S	0	0.00000	58	0.00000	25	0.00000
Paenibacillus lentus	1338368	S	0	0.00000	51	0.00000	0	0.00000
Paenibacillus lycopersici	2704462	S	0	0.00000	36	0.00000	0	0.00000
Paenibacillus sabinae	365617	S	0	0.00000	53	0.00000	0	0.00000
Paenibacillus psychroresistens	1778678	S	0	0.00000	15	0.00000	0	0.00000
Paenibacillus naphthalenovorans	162209	S	0	0.00000	16	0.00000	0	0.00000
Paenibacillus durus	44251	S	0	0.00000	31	0.00000	0	0.00000
Paenibacillus rhizovicinus	2704463	S	0	0.00000	15	0.00000	0	0.00000
Brevibacillus sp. WF146	319501	S	0	0.00000	27	0.00000	0	0.00000
Brevibacillus brevis	1393	S	0	0.00000	45	0.00000	0	0.00000
Aneurinibacillus sp. Ricciae_BoGa-3	3022697	S	0	0.00000	106	0.00001	0	0.00000
Cohnella candidum	2674991	S	0	0.00000	94	0.00001	0	0.00000
Cohnella sp. LGH	1619153	S	0	0.00000	27	0.00000	0	0.00000
Peribacillus sp. SCS-37	3115296	S	0	0.00000	32	0.00000	0	0.00000
Peribacillus asahii	228899	S	0	0.00000	34	0.00000	0	0.00000
Neobacillus sp. OS1-33	3070683	S	0	0.00000	36	0.00000	0	0.00000
Cytobacillus dafuensis	1742359	S	0	0.00000	33	0.00000	0	0.00000
Alkalicoccus halolimnae	1667239	S	0	0.00000	17	0.00000	0	0.00000
Psychrobacillus psychrodurans	126157	S	0	0.00000	21	0.00000	0	0.00000
Paraliobacillus zengyii	2213194	S	0	0.00000	18	0.00000	21	0.00000
Salimicrobium sp. PL1-032A	3095364	S	0	0.00000	13	0.00000	0	0.00000
Staphylococcus aureus	1280	S	0	0.00000	107	0.00001	458	0.00003
Planococcus halocryophilus	1215089	S	0	0.00000	18	0.00000	0	0.00000
Planococcus koreensis	112331	S	0	0.00000	13	0.00000	0	0.00000
Planococcus massiliensis	1499687	S	0	0.00000	14	0.00000	0	0.00000
Sporosarcina oncorhynchi	3056444	S	0	0.00000	14	0.00000	0	0.00000
Ureibacillus chungkukjangi	1202712	S	0	0.00000	34	0.00000	0	0.00000
Gemella sanguinis	84135	S	0	0.00000	37	0.00000	212	0.00001
Gemella morbillorum	29391	S	0	0.00000	28	0.00000	0	0.00000
Alicyclobacillus cycloheptanicus	1457	S	0	0.00000	12	0.00000	0	0.00000
Finegoldia magna	1260	S	0	0.00000	44	0.00000	0	0.00000
Helcococcus ovis	72026	S	0	0.00000	11	0.00000	0	0.00000
Ezakiella coagulans	46507	S	0	0.00000	14	0.00000	0	0.00000
Bifidobacterium pullorum	78448	S	0	0.00000	657	0.00005	0	0.00000
Bifidobacterium pseudocatenulatum	28026	S	0	0.00000	351	0.00003	75	0.00000
Bifidobacterium bifidum	1681	S	0	0.00000	211	0.00002	810	0.00004
Bifidobacterium pseudolongum	1694	S	0	0.00000	16	0.00000	0	0.00000
Scardovia inopinata	78259	S	0	0.00000	15	0.00000	0	0.00000
Rothia aeria	172042	S	0	0.00000	24	0.00000	0	0.00000
Pseudarthrobacter sp. P1	3418418	S	0	0.00000	36	0.00000	0	0.00000
Microbacterium pygmaeum	370764	S	0	0.00000	76	0.00001	0	0.00000
Curtobacterium sp. 458	3050069	S	0	0.00000	44	0.00000	0	0.00000
Tropheryma whipplei	2039	S	0	0.00000	70	0.00001	0	0.00000
Brevibacterium luteolum	199591	S	0	0.00000	38	0.00000	0	0.00000
Saxibacter everestensis	2909229	S	0	0.00000	10	0.00000	0	0.00000
Humibacillus xanthopallidus	412689	S	0	0.00000	21	0.00000	0	0.00000
Terrabacter sp. BE26	2898152	S	0	0.00000	15	0.00000	0	0.00000
Georgenia faecalis	2483799	S	0	0.00000	25	0.00000	0	0.00000
Georgenia sp. TF02-10	2917725	S	0	0.00000	22	0.00000	0	0.00000
Ornithinimicrobium sp. Y1847	3405419	S	0	0.00000	28	0.00000	0	0.00000
Actinomyces pacaensis	1852377	S	0	0.00000	851	0.00007	98	0.00001
Actinomyces sp. oral taxon 171	706438	S	0	0.00000	34	0.00000	0	0.00000
Actinomyces viscosus	1656	S	0	0.00000	63	0.00000	0	0.00000
Schaalia odontolytica	1660	S	0	0.00000	507	0.00004	102	0.00001
Schaalia sp. HMT-172	3059028	S	0	0.00000	127	0.00001	0	0.00000
Schaalia sp. 19OD2882	2794089	S	0	0.00000	13	0.00000	0	0.00000
Schaalia turicensis	131111	S	0	0.00000	27	0.00000	15	0.00000
Schaalia meyeri	52773	S	0	0.00000	12	0.00000	0	0.00000
Pauljensenia hongkongensis	178339	S	0	0.00000	29	0.00000	0	0.00000
Buchananella felis	3231492	S	0	0.00000	16	0.00000	0	0.00000
Corynebacterium tuberculostearicum	38304	S	0	0.00000	90	0.00001	61	0.00000
Corynebacterium simulans	146827	S	0	0.00000	27	0.00000	0	0.00000
Corynebacterium matruchotii	43768	S	0	0.00000	12	0.00000	35	0.00000
Corynebacterium mustelae	571915	S	0	0.00000	12	0.00000	0	0.00000
Corynebacterium durum	61592	S	0	0.00000	11	0.00000	10	0.00000
Mycolicibacterium smegmatis	1772	S	0	0.00000	32	0.00000	0	0.00000
Mycolicibacterium phlei	1771	S	0	0.00000	24	0.00000	0	0.00000
Mycolicibacterium litorale	758802	S	0	0.00000	22	0.00000	0	0.00000
Mycolicibacterium helvum	1534349	S	0	0.00000	16	0.00000	0	0.00000
Mycobacterium sp. WMMD1722	3404117	S	0	0.00000	45	0.00000	0	0.00000
Mycobacterium cookii	1775	S	0	0.00000	24	0.00000	0	0.00000
Mycobacterium spongiae	886343	S	0	0.00000	11	0.00000	17	0.00000
Nocardia asteroides	1824	S	0	0.00000	26	0.00000	0	0.00000
Nocardia arthritidis	228602	S	0	0.00000	19	0.00000	0	0.00000
Prescottella sp. R16	3064529	S	0	0.00000	30	0.00000	0	0.00000
Streptomyces sp. SX92	3158972	S	0	0.00000	80	0.00001	0	0.00000
Streptomyces sp. P3	2135430	S	0	0.00000	89	0.00001	0	0.00000
Streptomyces luomodiensis	3026192	S	0	0.00000	114	0.00001	0	0.00000
Streptomyces halobius	2879846	S	0	0.00000	20	0.00000	0	0.00000
Streptomyces fradiae	1906	S	0	0.00000	59	0.00000	0	0.00000
Kitasatospora sp. NBC_01539	2903577	S	0	0.00000	25	0.00000	0	0.00000
Kitasatospora cathayae	3004092	S	0	0.00000	20	0.00000	0	0.00000
Arachnia propionica	1750	S	0	0.00000	32	0.00000	0	0.00000
Tessaracoccus sp. MC1865	2760310	S	0	0.00000	17	0.00000	0	0.00000
Nocardioides sp. L-11A	3043848	S	0	0.00000	33	0.00000	0	0.00000
Nocardioides sp. JS614	196162	S	0	0.00000	12	0.00000	0	0.00000
Mumia sp. ZJ1417	2708082	S	0	0.00000	12	0.00000	0	0.00000
Micromonospora sp. CA-248260	3239962	S	0	0.00000	30	0.00000	0	0.00000
Micromonospora zamorensis	709883	S	0	0.00000	16	0.00000	0	0.00000
Micromonospora cathayae	3028804	S	0	0.00000	13	0.00000	0	0.00000
Polymorphospora sp. A560	3040203	S	0	0.00000	14	0.00000	0	0.00000
Amycolatopsis sp. FBCC-B4732	3079339	S	0	0.00000	23	0.00000	29	0.00000
Crossiella sp. CA-258035	2981138	S	0	0.00000	34	0.00000	0	0.00000
Saccharothrix sp. 6-C	2781735	S	0	0.00000	12	0.00000	0	0.00000
Streptosporangium sp. CA-115845	3240071	S	0	0.00000	24	0.00000	0	0.00000
Spirillospora sp. CA-294931	3240042	S	0	0.00000	19	0.00000	0	0.00000
Catenulispora acidiphila	304895	S	0	0.00000	12	0.00000	0	0.00000
Coriobacterium glomerans	33871	S	0	0.00000	10	0.00000	0	0.00000
Thermophilibacter immobilis	2779519	S	0	0.00000	176	0.00001	0	0.00000
Olsenella timonensis	1805478	S	0	0.00000	744	0.00006	0	0.00000
Olsenella sp. oral taxon 807	712411	S	0	0.00000	81	0.00001	0	0.00000
Olsenella uli	133926	S	0	0.00000	53	0.00000	0	0.00000
Lancefieldella parvula	1382	S	0	0.00000	275	0.00002	20	0.00000
Lancefieldella sp. Marseille-Q7238	3022127	S	0	0.00000	11	0.00000	0	0.00000
Xiamenia xianingshaonis	2682776	S	0	0.00000	31	0.00000	0	0.00000
Cryptobacterium curtum	84163	S	0	0.00000	25	0.00000	0	0.00000
Denitrobacterium detoxificans	79604	S	0	0.00000	17	0.00000	0	0.00000
Raoultibacter timonensis	1907662	S	0	0.00000	17	0.00000	10	0.00000
Iamia majanohamensis	467976	S	0	0.00000	12	0.00000	0	0.00000
Candidatus Poriferisocius sp.	3101276	S	0	0.00000	11	0.00000	0	0.00000
Rubrobacter marinus	2653852	S	0	0.00000	13	0.00000	0	0.00000
Phormidium nigroviride	482564	S	0	0.00000	41	0.00000	0	0.00000
Chlorogloeopsis fritschii	1124	S	0	0.00000	24	0.00000	0	0.00000
Crinalium epipsammum	241425	S	0	0.00000	41	0.00000	0	0.00000
Candidatus Promineifilum breve	1806508	S	0	0.00000	16	0.00000	0	0.00000
Candidatus Xianfuyuplasma coldseepsis	2782163	S	0	0.00000	15	0.00000	0	0.00000
Cloacibacillus evryensis	508460	S	0	0.00000	68	0.00001	0	0.00000
Jonquetella anthropi	428712	S	0	0.00000	43	0.00000	17	0.00000
Fretibacterium fastidiosum	651822	S	0	0.00000	35	0.00000	0	0.00000
Deinococcus sp. KNUC1210	2917691	S	0	0.00000	37	0.00000	0	0.00000
Deinococcus deserti	310783	S	0	0.00000	55	0.00000	0	0.00000
Oceanithermus profundus	187137	S	0	0.00000	32	0.00000	0	0.00000
Truepera radiovictrix	332249	S	0	0.00000	54	0.00000	0	0.00000
Mesotoga prima	1184387	S	0	0.00000	31	0.00000	0	0.00000
Tepiditoga spiralis	2108365	S	0	0.00000	29	0.00000	0	0.00000
Candidatus Nanosynbacter sp. HMT-352	2899133	S	0	0.00000	665	0.00005	123	0.00001
Candidatus Nanosynbacter sp. TM7-008	2902632	S	0	0.00000	191	0.00001	0	0.00000
Candidatus Nanosynbacter lyticus	2093824	S	0	0.00000	51	0.00000	0	0.00000
Candidatus Southlakia epibionticum	3043284	S	0	0.00000	100	0.00001	0	0.00000
Candidatus Minimicrobia sp. QA0096	3118470	S	0	0.00000	109	0.00001	0	0.00000
Candidatus Minimicrobia vallesae	2841264	S	0	0.00000	121	0.00001	0	0.00000
Candidatus Bipolaricaulis anaerobius	2026885	S	0	0.00000	12	0.00000	0	0.00000
Methanomethylophilus alvi	1291540	S	0	0.00000	19000	0.00148	0	0.00000
Methanobrevibacter smithii	2173	S	0	0.00000	84	0.00001	0	0.00000
Methanobrevibacter intestini	2911853	S	0	0.00000	43	0.00000	0	0.00000
Haladaptatus sp. DJG-WS-42	3120516	S	0	0.00000	18	0.00000	0	0.00000
Natronorarus salvus	3117733	S	0	0.00000	11	0.00000	0	0.00000
Kingevirus communis	2956060	S	0	0.00000	1789	0.00014	0	0.00000
Junduvirus communis	2956034	S	0	0.00000	44	0.00000	0	0.00000
Afonbuvirus intestinihominis	2955234	S	0	0.00000	838	0.00007	0	0.00000
Afonbuvirus faecalis	2955233	S	0	0.00000	444	0.00003	0	0.00000
Afonbuvirus coli	2955232	S	0	0.00000	283	0.00002	0	0.00000
Canhaevirus faecalis	2955578	S	0	0.00000	17	0.00000	0	0.00000
Delmidovirus copri	2955739	S	0	0.00000	61	0.00000	0	0.00000
Brigitvirus brigit	2734096	S	0	0.00000	82	0.00001	0	0.00000
Toutatisvirus toutatis	2734150	S	0	0.00000	48	0.00000	0	0.00000
Bacteroides sp. ZJ-18	2709390	S	0	0.00000	0	0.00000	6874	0.00038
Prevotella bivia	28125	S	0	0.00000	0	0.00000	21	0.00000
Prevotella fusca	589436	S	0	0.00000	0	0.00000	12	0.00000
Zobellia galactanivorans	63186	S	0	0.00000	0	0.00000	309	0.00002
Flavobacterium sp. Sr18	935222	S	0	0.00000	0	0.00000	70	0.00000
Flavobacterium sp. 2	308053	S	0	0.00000	0	0.00000	32	0.00000
Flavobacterium flavipigmentatum	2893884	S	0	0.00000	0	0.00000	25	0.00000
Flagellimonas ruestringensis	111501	S	0	0.00000	0	0.00000	96	0.00001
Mariniflexile litorale	3045158	S	0	0.00000	0	0.00000	113	0.00001
Aquimarina sp. TRL1	2736252	S	0	0.00000	0	0.00000	68	0.00000
Aequorivita sublithincola	101385	S	0	0.00000	0	0.00000	27	0.00000
Ornithobacterium rhinotracheale	28251	S	0	0.00000	0	0.00000	113	0.00001
Hymenobacter qilianensis	1385715	S	0	0.00000	0	0.00000	60	0.00000
Roseivirga pacifica	1267423	S	0	0.00000	0	0.00000	67	0.00000
Fulvivirga lutea	2810512	S	0	0.00000	0	0.00000	67	0.00000
Algoriphagus sp. NG3	3097546	S	0	0.00000	0	0.00000	22	0.00000
Algoriphagus machipongonensis	388413	S	0	0.00000	0	0.00000	13	0.00000
Spirosoma oryzicola	2898794	S	0	0.00000	0	0.00000	32	0.00000
Porifericola rhodea	930972	S	0	0.00000	0	0.00000	10	0.00000
Pedobacter mucosus	2895286	S	0	0.00000	0	0.00000	27	0.00000
Pedobacter aquae	2605747	S	0	0.00000	0	0.00000	11	0.00000
Mucilaginibacter gotjawali	1550579	S	0	0.00000	0	0.00000	21	0.00000
Chitinophaga sp. XS-30	2604421	S	0	0.00000	0	0.00000	40	0.00000
Phnomibacter ginsenosidimutans	2676868	S	0	0.00000	0	0.00000	17	0.00000
Haemophilus pittmaniae	249188	S	0	0.00000	0	0.00000	84	0.00000
Bisgaardia hudsonensis	109472	S	0	0.00000	0	0.00000	11	0.00000
Providencia sp. R33	2828763	S	0	0.00000	0	0.00000	59	0.00000
Erwinia persicina	55211	S	0	0.00000	0	0.00000	12	0.00000
Rahnella aceris	2703885	S	0	0.00000	0	0.00000	13	0.00000
Colwellia sp. PAMC 20917	1816218	S	0	0.00000	0	0.00000	228	0.00001
Vibrio vulnificus	672	S	0	0.00000	0	0.00000	115	0.00001
Salinivibrio kushneri	1908198	S	0	0.00000	0	0.00000	29	0.00000
Pseudomonas serboccidentalis	2964670	S	0	0.00000	0	0.00000	51	0.00000
Pseudomonas saudiphocaensis	1499686	S	0	0.00000	0	0.00000	14	0.00000
Stutzerimonas stutzeri	316	S	0	0.00000	0	0.00000	27	0.00000
Xanthomonas sp. NCPPB 2632	3240912	S	0	0.00000	0	0.00000	34	0.00000
Pseudolysobacter antarcticus	2511995	S	0	0.00000	0	0.00000	11	0.00000
Celerinatantimonas diazotrophica	412034	S	0	0.00000	0	0.00000	11	0.00000
Microbulbifer sp. ALW1	1516059	S	0	0.00000	0	0.00000	19	0.00000
Paraburkholderia graminis	60548	S	0	0.00000	0	0.00000	35	0.00000
Paraburkholderia aromaticivorans	2026199	S	0	0.00000	0	0.00000	38	0.00000
Burkholderia seminalis	488731	S	0	0.00000	0	0.00000	156	0.00001
Mycetohabitans endofungorum	417203	S	0	0.00000	0	0.00000	18	0.00000
Variovorax sp. PBS-H4	434008	S	0	0.00000	0	0.00000	47	0.00000
Hydrogenophaga sp. PAMC20947	2565558	S	0	0.00000	0	0.00000	38	0.00000
Castellaniella defragrans	75697	S	0	0.00000	0	0.00000	46	0.00000
Massilia cellulosiltytica	2683234	S	0	0.00000	0	0.00000	59	0.00000
Massilia putida	1141883	S	0	0.00000	0	0.00000	31	0.00000
Roseateles sp. MS654	3412685	S	0	0.00000	0	0.00000	45	0.00000
Piscinibacter gummiphilus	946333	S	0	0.00000	0	0.00000	48	0.00000
Piscinibacterium candidicorallinum	1793872	S	0	0.00000	0	0.00000	36	0.00000
Neisseria canis	493	S	0	0.00000	0	0.00000	26	0.00000
Neisseria subflava	28449	S	0	0.00000	0	0.00000	71	0.00000
Aromatoleum evansii	59406	S	0	0.00000	0	0.00000	55	0.00000
Bradyrhizobium sp. CCBAU 51753	1325100	S	0	0.00000	0	0.00000	53	0.00000
Mesorhizobium sp. NZP2077	2483404	S	0	0.00000	0	0.00000	59	0.00000
Sphingopyxis sp. USTB-05	2830667	S	0	0.00000	0	0.00000	132	0.00001
Azospirillum oryzae	286727	S	0	0.00000	0	0.00000	26	0.00000
Ferrovibrio sp.	1917215	S	0	0.00000	0	0.00000	14	0.00000
Acidithiobacillus sulfuriphilus	1867749	S	0	0.00000	0	0.00000	13	0.00000
Engelhardtia mirabilis	2528011	S	0	0.00000	0	0.00000	11	0.00000
Campylobacter gracilis	824	S	0	0.00000	0	0.00000	40	0.00000
Sphaerochaeta pleomorpha	1131707	S	0	0.00000	0	0.00000	103	0.00001
Caproicibacter sp. BJN0012	3110227	S	0	0.00000	0	0.00000	21	0.00000
Streptococcus sp. FSL R7-0248	2975324	S	0	0.00000	0	0.00000	1823	0.00010
Streptococcus sp. A12	1759399	S	0	0.00000	0	0.00000	249	0.00001
Streptococcus toyakuensis	2819619	S	0	0.00000	0	0.00000	46	0.00000
Streptococcus ilei	1156431	S	0	0.00000	0	0.00000	310	0.00002
Streptococcus koreensis	2382163	S	0	0.00000	0	0.00000	119	0.00001
Streptococcus iners	3028084	S	0	0.00000	0	0.00000	15	0.00000
Lactobacillus helveticus	1587	S	0	0.00000	0	0.00000	82	0.00000
Limosilactobacillus vaginalis	1633	S	0	0.00000	0	0.00000	22	0.00000
Carnobacterium maltaromaticum	2751	S	0	0.00000	0	0.00000	17	0.00000
Aerococcus viridans	1377	S	0	0.00000	0	0.00000	14	0.00000
Sediminibacillus dalangtanensis	2729421	S	0	0.00000	0	0.00000	29	0.00000
Rossellomorea marisflavi	189381	S	0	0.00000	0	0.00000	25	0.00000
Mesobacillus foraminis	279826	S	0	0.00000	0	0.00000	22	0.00000
Domibacillus sp. DTU_2020_1001157_1_SI_ALB_TIR_016	3077789	S	0	0.00000	0	0.00000	12	0.00000
Gemella haemolysans	1379	S	0	0.00000	0	0.00000	31	0.00000
Paenibacillus sp. FSL K6-0276	2921450	S	0	0.00000	0	0.00000	55	0.00000
Paenibacillus sp. FSL L8-0340	2954685	S	0	0.00000	0	0.00000	45	0.00000
Sporosarcina ureae	1571	S	0	0.00000	0	0.00000	23	0.00000
Veillonella rodentium	248315	S	0	0.00000	0	0.00000	17	0.00000
Allocoprobacillus halotolerans	2944914	S	0	0.00000	0	0.00000	11	0.00000
Parascardovia denticolens	78258	S	0	0.00000	0	0.00000	23	0.00000
Kocuria rosea	1275	S	0	0.00000	0	0.00000	133	0.00001
Actinomyces radicidentis	111015	S	0	0.00000	0	0.00000	15	0.00000
Actinotignum urinale	190146	S	0	0.00000	0	0.00000	10	0.00000
Lawsonella clevelandensis	1528099	S	0	0.00000	0	0.00000	18	0.00000
Propionibacterium acidifaciens	556499	S	0	0.00000	0	0.00000	17	0.00000
Streptomyces iakyrus	68219	S	0	0.00000	0	0.00000	49	0.00000
Kutzneria sp. CA-103260	2802641	S	0	0.00000	0	0.00000	11	0.00000
Frankia casuarinae	106370	S	0	0.00000	0	0.00000	16	0.00000
Spiroplasma culicicola	216935	S	0	0.00000	0	0.00000	58	0.00000
Mycoplasma sp. P36-A1	3252900	S	0	0.00000	0	0.00000	33	0.00000
Chloroflexus aurantiacus	1108	S	0	0.00000	0	0.00000	11	0.00000
Fusobacterium mortiferum	850	S	0	0.00000	0	0.00000	39368	0.00216
Fusobacterium polymorphum	76857	S	0	0.00000	0	0.00000	2182	0.00012
Fusobacterium sp. SB021	2744227	S	0	0.00000	0	0.00000	113	0.00001
Fusobacterium pseudoperiodonticum	2663009	S	0	0.00000	0	0.00000	46	0.00000
Candidatus Nanosynbacter sp. BB002	3393757	S	0	0.00000	0	0.00000	32	0.00000
Candidatus Nanosynbacter featherlites	2572088	S	0	0.00000	0	0.00000	22	0.00000
Skunavirus S0139	2845458	S	0	0.00000	0	0.00000	174	0.00001
Skunavirus P1532	2845432	S	0	0.00000	0	0.00000	290	0.00002
Skunavirus i0139	2845473	S	0	0.00000	0	0.00000	128	0.00001
Skunavirus sv79201	2845180	S	0	0.00000	0	0.00000	159	0.00001
Skunavirus sv96401	2845185	S	0	0.00000	0	0.00000	197	0.00001
Eponavirus epona	2734105	S	0	0.00000	0	0.00000	65	0.00000
Taranisvirus taranis	2734146	S	0	0.00000	0	0.00000	32	0.00000
